province;red;green;blue;x;x
1;149;129;183;x;x
2;165;40;158;x;x
3;249;17;170;x;x
4;146;77;140;x;x
5;214;149;118;x;x
6;45;192;54;x;x
7;85;154;93;x;x
8;238;56;198;x;x
9;115;94;29;x;x
10;139;76;9;x;x
11;161;184;254;x;x
12;37;84;174;x;x
13;48;118;111;x;x
14;183;223;115;x;x
15;155;24;227;x;x
16;125;97;19;x;x
17;15;149;109;x;x
18;117;197;24;x;x
19;203;235;192;x;x
20;81;93;170;x;x
21;148;230;218;x;x
22;10;225;12;x;x
23;140;98;238;x;x
24;110;104;136;x;x
25;194;189;85;x;x
26;160;138;176;x;x
27;169;169;3;x;x
28;48;106;21;x;x
29;158;251;138;x;x
30;68;236;113;x;x
31;251;101;14;x;x
32;141;125;84;x;x
33;196;215;41;x;x
34;205;88;224;x;x
35;120;159;180;x;x
36;88;254;59;x;x
37;37;180;162;x;x
38;82;250;28;x;x
39;62;252;46;x;x
40;143;152;128;x;x
41;101;22;138;x;x
42;29;53;43;x;x
43;66;213;118;x;x
44;207;7;194;x;x
45;38;206;250;x;x
46;61;102;44;x;x
47;149;35;11;x;x
48;1;31;113;x;x
49;10;240;123;x;x
50;228;178;121;x;x
51;170;156;97;x;x
52;138;220;192;x;x
53;191;119;234;x;x
54;194;229;33;x;x
55;84;232;87;x;x
56;177;102;151;x;x
57;48;105;151;x;x
58;36;251;167;x;x
59;150;69;65;x;x
60;253;10;167;x;x
61;112;28;56;x;x
62;143;154;222;x;x
63;25;60;85;x;x
64;172;141;132;x;x
65;150;145;205;x;x
66;189;54;200;x;x
67;238;21;226;x;x
68;95;108;124;x;x
69;1;179;8;x;x
70;36;148;4;x;x
71;55;187;26;x;x
72;174;97;46;x;x
73;200;112;102;x;x
74;175;109;107;x;x
75;36;218;104;x;x
76;133;91;225;x;x
77;149;226;148;x;x
78;207;84;148;x;x
79;106;136;144;x;x
80;73;143;70;x;x
81;180;180;22;x;x
82;120;10;87;x;x
83;102;235;50;x;x
84;164;14;78;x;x
85;7;151;146;x;x
86;34;208;120;x;x
87;106;16;211;x;x
88;228;107;128;x;x
89;12;99;137;x;x
90;10;32;50;x;x
91;217;114;8;x;x
92;26;162;26;x;x
93;56;213;51;x;x
94;60;52;210;x;x
95;64;31;4;x;x
96;118;133;171;x;x
97;77;174;36;x;x
98;246;69;10;x;x
99;28;170;184;x;x
100;88;105;211;x;x
101;172;163;205;x;x
102;126;205;190;x;x
103;167;80;240;x;x
104;140;206;27;x;x
105;45;133;246;x;x
106;15;125;126;x;x
107;115;0;40;x;x
108;144;58;19;x;x
109;104;226;30;x;x
110;213;181;193;x;x
111;137;118;86;x;x
112;182;74;251;x;x
113;63;69;86;x;x
114;87;27;154;x;x
115;227;158;186;x;x
116;29;71;164;x;x
117;82;32;146;x;x
118;185;37;47;x;x
119;93;63;10;x;x
120;175;240;197;x;x
121;69;129;251;x;x
122;238;224;227;x;x
123;144;243;153;x;x
124;229;141;167;x;x
125;197;175;68;x;x
126;172;57;57;x;x
127;100;245;66;x;x
128;1;166;45;x;x
129;55;53;190;x;x
130;94;213;210;x;x
131;19;210;51;x;x
132;44;86;1;x;x
133;34;254;61;x;x
134;30;223;138;x;x
135;35;41;163;x;x
136;8;130;108;x;x
137;223;138;154;x;x
138;74;220;210;x;x
139;208;186;152;x;x
140;159;241;119;x;x
141;194;253;215;x;x
142;211;234;242;x;x
143;183;194;191;x;x
144;36;176;201;x;x
145;39;170;214;x;x
146;18;69;120;x;x
147;64;237;238;x;x
148;95;244;14;x;x
149;32;166;98;x;x
150;54;205;180;x;x
151;144;184;13;x;x
152;140;205;227;x;x
153;163;209;9;x;x
154;69;93;213;x;x
155;201;170;71;x;x
156;58;1;49;x;x
157;19;73;25;x;x
158;71;209;98;x;x
159;116;6;35;x;x
160;175;200;242;x;x
161;21;147;78;x;x
162;193;34;9;x;x
163;48;151;238;x;x
164;69;4;35;x;x
165;219;204;115;x;x
166;140;64;178;x;x
167;194;143;139;x;x
168;80;49;193;x;x
169;170;106;64;x;x
170;108;172;203;x;x
171;160;245;146;x;x
172;215;78;36;x;x
173;205;135;239;x;x
174;82;45;174;x;x
175;37;54;15;x;x
176;240;167;125;x;x
177;235;106;199;x;x
178;193;79;108;x;x
179;209;195;98;x;x
180;211;71;186;x;x
181;186;91;233;x;x
182;234;74;0;x;x
183;135;89;57;x;x
184;116;132;203;x;x
185;61;158;57;x;x
186;251;227;74;x;x
187;94;16;112;x;x
188;82;66;202;x;x
189;6;175;83;x;x
190;134;40;137;x;x
191;203;114;152;x;x
192;213;70;104;x;x
193;47;243;169;x;x
194;231;175;118;x;x
195;228;102;209;x;x
196;95;185;25;x;x
197;56;25;52;x;x
198;95;230;39;x;x
199;29;97;83;x;x
200;186;22;9;x;x
201;61;43;227;x;x
202;93;77;39;x;x
203;205;85;6;x;x
204;55;27;136;x;x
205;193;137;154;x;x
206;227;122;31;x;x
207;62;158;152;x;x
208;46;6;80;x;x
209;89;154;46;x;x
210;48;19;215;x;x
211;239;84;237;x;x
212;76;211;9;x;x
213;37;8;122;x;x
214;231;206;22;x;x
215;211;82;133;x;x
216;200;180;218;x;x
217;184;159;134;x;x
218;198;74;66;x;x
219;179;37;177;x;x
220;101;252;23;x;x
221;62;219;164;x;x
222;233;88;204;x;x
223;9;138;72;x;x
224;64;135;97;x;x
225;199;198;165;x;x
226;64;16;133;x;x
227;114;102;226;x;x
228;91;199;111;x;x
229;72;103;198;x;x
230;206;55;223;x;x
231;176;80;149;x;x
232;105;240;45;x;x
233;20;59;33;x;x
234;229;160;7;x;x
235;195;207;236;x;x
236;212;213;101;x;x
237;254;117;58;x;x
238;187;25;113;x;x
239;157;146;162;x;x
240;134;82;220;x;x
241;50;148;208;x;x
242;231;187;62;x;x
243;89;12;146;x;x
244;125;209;2;x;x
245;161;141;141;x;x
246;85;134;142;x;x
247;139;4;167;x;x
248;252;156;243;x;x
249;189;18;161;x;x
250;37;125;54;x;x
251;237;237;10;x;x
252;232;83;163;x;x
253;241;198;83;x;x
254;134;186;228;x;x
255;248;14;37;x;x
256;140;209;96;x;x
257;224;24;108;x;x
258;13;49;223;x;x
259;51;205;88;x;x
260;250;140;65;x;x
261;141;44;124;x;x
262;190;238;167;x;x
263;205;198;201;x;x
264;227;157;214;x;x
265;216;131;6;x;x
266;58;47;230;x;x
267;104;92;80;x;x
268;36;163;151;x;x
269;82;134;226;x;x
270;66;155;230;x;x
271;135;164;36;x;x
272;23;140;59;x;x
273;68;3;210;x;x
274;44;163;253;x;x
275;115;62;102;x;x
276;138;66;195;x;x
277;13;93;3;x;x
278;107;47;1;x;x
279;174;38;8;x;x
280;155;136;99;x;x
281;11;24;48;x;x
282;10;95;186;x;x
283;170;127;204;x;x
284;192;50;241;x;x
285;88;92;148;x;x
286;175;228;255;x;x
287;31;190;41;x;x
288;243;26;4;x;x
289;246;95;63;x;x
290;190;237;149;x;x
291;108;245;190;x;x
292;7;131;125;x;x
293;89;115;165;x;x
294;88;99;230;x;x
295;147;99;48;x;x
296;232;12;142;x;x
297;81;159;154;x;x
298;214;105;38;x;x
299;111;143;40;x;x
300;79;107;246;x;x
301;21;120;105;x;x
302;51;112;141;x;x
303;209;51;100;x;x
304;121;16;38;x;x
305;94;159;144;x;x
306;25;28;217;x;x
307;121;173;66;x;x
308;78;70;241;x;x
309;57;198;66;x;x
310;173;62;188;x;x
311;163;85;236;x;x
312;212;67;85;x;x
313;246;110;10;x;x
314;253;20;180;x;x
315;160;147;238;x;x
316;32;146;93;x;x
317;181;222;56;x;x
318;124;53;44;x;x
319;235;253;28;x;x
320;6;237;145;x;x
321;45;88;47;x;x
322;45;37;174;x;x
323;108;55;23;x;x
324;152;254;125;x;x
325;95;213;148;x;x
326;198;245;45;x;x
327;105;88;71;x;x
328;40;82;233;x;x
329;47;74;218;x;x
330;186;100;86;x;x
331;11;126;233;x;x
332;0;27;22;x;x
333;3;50;16;x;x
334;221;97;61;x;x
335;237;186;61;x;x
336;97;65;205;x;x
337;149;3;145;x;x
338;176;45;222;x;x
339;220;57;107;x;x
340;190;138;92;x;x
341;250;225;195;x;x
342;52;92;92;x;x
343;252;253;183;x;x
344;56;209;166;x;x
345;151;151;10;x;x
346;255;31;16;x;x
347;147;126;106;x;x
348;203;195;52;x;x
349;251;117;249;x;x
350;116;219;125;x;x
351;107;143;55;x;x
352;239;117;184;x;x
353;53;252;104;x;x
354;203;110;136;x;x
355;198;17;102;x;x
356;248;200;22;x;x
357;125;233;173;x;x
358;66;35;19;x;x
359;217;77;136;x;x
360;146;98;56;x;x
361;79;11;149;x;x
362;6;44;158;x;x
363;176;167;190;x;x
364;124;84;140;x;x
365;59;65;99;x;x
366;147;246;142;x;x
367;255;138;168;x;x
368;254;226;172;x;x
369;84;127;58;x;x
370;61;126;117;x;x
371;18;103;209;x;x
372;6;87;50;x;x
373;105;239;88;x;x
374;180;90;206;x;x
375;77;233;219;x;x
376;124;50;173;x;x
377;133;186;103;x;x
378;66;46;156;x;x
379;233;235;117;x;x
380;23;27;103;x;x
381;105;144;157;x;x
382;233;65;109;x;x
383;128;104;192;x;x
384;168;90;26;x;x
385;117;82;121;x;x
386;234;60;32;x;x
387;29;66;201;x;x
388;242;231;11;x;x
389;57;0;65;x;x
390;183;172;194;x;x
391;215;52;42;x;x
392;17;118;57;x;x
393;248;61;184;x;x
394;250;75;181;x;x
395;178;142;40;x;x
396;57;10;16;x;x
397;162;112;20;x;x
398;208;20;190;x;x
399;225;31;255;x;x
400;64;103;121;x;x
401;79;36;80;x;x
402;203;200;106;x;x
403;29;27;108;x;x
404;35;228;254;x;x
405;71;39;218;x;x
406;131;19;141;x;x
407;169;207;234;x;x
408;121;41;138;x;x
409;133;76;90;x;x
410;160;117;3;x;x
411;195;154;143;x;x
412;35;0;35;x;x
413;178;157;187;x;x
414;50;8;35;x;x
415;151;123;189;x;x
416;245;16;81;x;x
417;92;182;75;x;x
418;27;141;103;x;x
419;9;29;37;x;x
420;38;98;250;x;x
421;182;151;9;x;x
422;202;118;182;x;x
423;200;226;2;x;x
424;247;53;127;x;x
425;126;86;139;x;x
426;48;56;80;x;x
427;91;249;180;x;x
428;238;230;108;x;x
429;62;0;34;x;x
430;94;4;156;x;x
431;219;223;166;x;x
432;0;191;255;x;x
433;231;216;159;x;x
434;51;249;186;x;x
435;14;191;19;x;x
436;31;48;167;x;x
437;118;212;24;x;x
438;89;162;127;x;x
439;47;42;178;x;x
440;152;231;58;x;x
441;70;182;139;x;x
442;201;206;121;x;x
443;248;99;198;x;x
444;42;199;30;x;x
445;252;45;221;x;x
446;197;164;74;x;x
447;167;96;219;x;x
448;167;121;59;x;x
449;133;92;91;x;x
450;36;128;140;x;x
451;140;151;1;x;x
452;43;175;61;x;x
453;172;195;55;x;x
454;106;196;66;x;x
455;117;21;182;x;x
456;73;59;176;x;x
457;203;127;199;x;x
458;21;87;225;x;x
459;177;187;69;x;x
460;68;232;57;x;x
461;36;228;247;x;x
462;189;249;245;x;x
463;175;120;161;x;x
464;235;121;252;x;x
465;95;25;192;x;x
466;73;149;172;x;x
467;211;173;234;x;x
468;13;217;158;x;x
469;122;227;22;x;x
470;196;33;136;x;x
471;103;49;242;x;x
472;3;238;172;x;x
473;52;247;136;x;x
474;27;34;119;x;x
475;157;238;68;x;x
476;56;205;33;x;x
477;200;104;51;x;x
478;242;146;79;x;x
479;37;33;214;x;x
480;10;179;107;x;x
481;78;170;12;x;x
482;183;240;89;x;x
483;126;59;117;x;x
484;85;156;39;x;x
485;100;40;6;x;x
486;119;209;247;x;x
487;215;246;95;x;x
488;236;235;201;x;x
489;39;5;75;x;x
490;117;231;175;x;x
491;100;137;246;x;x
492;238;29;60;x;x
493;170;39;74;x;x
494;60;52;197;x;x
495;183;230;253;x;x
496;115;197;88;x;x
497;47;202;96;x;x
498;10;26;168;x;x
499;126;97;68;x;x
500;102;26;167;x;x
501;42;215;236;x;x
502;118;141;50;x;x
503;1;170;209;x;x
504;33;121;164;x;x
505;21;254;7;x;x
506;238;151;255;x;x
507;11;44;185;x;x
508;18;31;170;x;x
509;93;135;221;x;x
510;34;115;75;x;x
511;203;251;228;x;x
512;167;191;122;x;x
513;186;15;245;x;x
514;247;13;35;x;x
515;238;46;59;x;x
516;190;70;84;x;x
517;171;10;247;x;x
518;250;190;255;x;x
519;44;5;127;x;x
520;202;235;169;x;x
521;182;30;253;x;x
522;242;101;223;x;x
523;219;82;116;x;x
524;186;173;153;x;x
525;89;77;234;x;x
526;7;211;219;x;x
527;143;31;175;x;x
528;138;215;215;x;x
529;110;67;7;x;x
530;244;141;132;x;x
531;224;199;161;x;x
532;93;210;143;x;x
533;206;56;224;x;x
534;174;25;103;x;x
535;32;223;126;x;x
536;13;140;64;x;x
537;26;54;48;x;x
538;78;124;202;x;x
539;206;175;223;x;x
540;124;93;253;x;x
541;241;57;2;x;x
542;4;56;193;x;x
543;83;79;99;x;x
544;127;58;231;x;x
545;124;50;156;x;x
546;95;37;111;x;x
547;96;199;227;x;x
548;59;177;76;x;x
549;196;148;174;x;x
550;142;23;115;x;x
551;162;8;39;x;x
552;193;113;246;x;x
553;115;253;3;x;x
554;112;248;210;x;x
555;94;211;101;x;x
556;211;71;32;x;x
557;166;96;9;x;x
558;226;170;159;x;x
559;177;237;63;x;x
560;138;7;212;x;x
561;79;17;41;x;x
562;5;193;75;x;x
563;81;132;167;x;x
564;24;118;221;x;x
565;63;151;181;x;x
566;164;16;28;x;x
567;196;170;121;x;x
568;60;76;221;x;x
569;36;49;255;x;x
570;88;70;212;x;x
571;6;128;135;x;x
572;69;158;200;x;x
573;194;158;216;x;x
574;25;245;172;x;x
575;239;204;166;x;x
576;22;54;240;x;x
577;221;120;178;x;x
578;158;5;68;x;x
579;94;77;244;x;x
580;250;111;191;x;x
581;186;16;152;x;x
582;23;97;118;x;x
583;134;12;180;x;x
584;118;190;193;x;x
585;152;230;14;x;x
586;111;207;214;x;x
587;45;218;39;x;x
588;201;238;19;x;x
589;10;102;192;x;x
590;12;200;159;x;x
591;113;170;34;x;x
592;131;124;178;x;x
593;116;51;71;x;x
594;239;13;2;x;x
595;160;94;242;x;x
596;122;180;37;x;x
597;169;192;128;x;x
598;214;5;139;x;x
599;34;196;238;x;x
600;150;110;98;x;x
601;163;134;29;x;x
602;241;110;139;x;x
603;243;49;62;x;x
604;126;21;216;x;x
605;64;32;125;x;x
606;81;154;37;x;x
607;103;231;89;x;x
608;29;220;59;x;x
609;8;62;98;x;x
610;132;100;112;x;x
611;225;187;149;x;x
612;112;160;45;x;x
613;171;87;103;x;x
614;37;23;49;x;x
615;101;24;150;x;x
616;121;210;145;x;x
617;232;243;40;x;x
618;79;24;206;x;x
619;60;163;82;x;x
620;123;48;221;x;x
621;36;43;8;x;x
622;3;116;19;x;x
623;234;79;255;x;x
624;82;232;160;x;x
625;237;111;86;x;x
626;40;94;58;x;x
627;215;96;11;x;x
628;5;242;145;x;x
629;234;243;231;x;x
630;114;59;9;x;x
631;96;211;7;x;x
632;164;201;204;x;x
633;106;67;74;x;x
634;221;236;135;x;x
635;17;13;226;x;x
636;154;204;122;x;x
637;181;85;75;x;x
638;15;191;86;x;x
639;211;249;94;x;x
640;153;46;62;x;x
641;123;154;158;x;x
642;146;56;202;x;x
643;238;35;41;x;x
644;25;6;129;x;x
645;34;249;99;x;x
646;214;50;138;x;x
647;66;116;220;x;x
648;142;140;203;x;x
649;216;22;110;x;x
650;52;40;234;x;x
651;252;40;69;x;x
652;178;79;74;x;x
653;20;172;228;x;x
654;216;1;24;x;x
655;40;144;9;x;x
656;85;122;205;x;x
657;135;41;177;x;x
658;212;109;29;x;x
659;66;32;142;x;x
660;13;243;249;x;x
661;30;117;97;x;x
662;106;213;3;x;x
663;182;0;230;x;x
664;123;174;75;x;x
665;89;42;43;x;x
666;153;229;49;x;x
667;64;51;22;x;x
668;211;192;177;x;x
669;209;95;195;x;x
670;29;154;123;x;x
671;33;242;196;x;x
672;152;119;53;x;x
673;179;229;50;x;x
674;114;162;204;x;x
675;205;15;123;x;x
676;69;0;199;x;x
677;98;38;181;x;x
678;195;116;3;x;x
679;42;218;2;x;x
680;26;216;55;x;x
681;130;196;22;x;x
682;34;216;49;x;x
683;238;108;224;x;x
684;61;95;166;x;x
685;202;203;83;x;x
686;203;132;154;x;x
687;65;229;96;x;x
688;2;243;86;x;x
689;215;116;197;x;x
690;169;90;198;x;x
691;35;249;255;x;x
692;42;238;243;x;x
693;188;205;225;x;x
694;229;135;60;x;x
695;108;7;96;x;x
696;192;201;42;x;x
697;151;239;1;x;x
698;68;212;88;x;x
699;39;139;102;x;x
700;226;45;208;x;x
701;13;40;223;x;x
702;225;228;118;x;x
703;225;60;173;x;x
704;208;84;139;x;x
705;2;56;227;x;x
706;239;113;45;x;x
707;198;188;22;x;x
708;52;201;216;x;x
709;119;91;59;x;x
710;64;132;97;x;x
711;127;140;152;x;x
712;53;24;179;x;x
713;129;44;2;x;x
714;134;162;53;x;x
715;54;186;225;x;x
716;174;103;127;x;x
717;247;118;81;x;x
718;8;145;122;x;x
719;11;96;189;x;x
720;123;110;252;x;x
721;76;1;132;x;x
722;220;103;203;x;x
723;47;75;109;x;x
724;21;197;206;x;x
725;4;137;10;x;x
726;219;156;227;x;x
727;110;25;243;x;x
728;127;150;138;x;x
729;248;67;115;x;x
730;204;142;20;x;x
731;12;49;113;x;x
732;97;189;33;x;x
733;213;94;144;x;x
734;190;240;58;x;x
735;214;78;235;x;x
736;124;252;214;x;x
737;119;222;117;x;x
738;5;10;69;x;x
739;86;68;235;x;x
740;65;86;156;x;x
741;132;173;233;x;x
742;7;112;235;x;x
743;222;171;162;x;x
744;165;131;239;x;x
745;244;131;167;x;x
746;230;120;3;x;x
747;175;83;87;x;x
748;192;202;72;x;x
749;248;98;107;x;x
750;215;79;229;x;x
751;140;109;84;x;x
752;160;84;174;x;x
753;5;154;191;x;x
754;10;7;109;x;x
755;163;155;225;x;x
756;179;124;179;x;x
757;142;230;250;x;x
758;131;132;236;x;x
759;9;242;185;x;x
760;21;21;147;x;x
761;142;211;136;x;x
762;179;230;46;x;x
763;215;230;184;x;x
764;39;95;218;x;x
765;145;135;32;x;x
766;48;191;225;x;x
767;155;76;240;x;x
768;87;190;137;x;x
769;2;124;30;x;x
770;165;90;134;x;x
771;16;204;228;x;x
772;169;165;145;x;x
773;22;179;203;x;x
774;179;156;10;x;x
775;34;220;143;x;x
776;208;138;250;x;x
777;190;215;247;x;x
778;140;25;108;x;x
779;65;81;8;x;x
780;84;200;242;x;x
781;225;228;67;x;x
782;50;153;132;x;x
783;124;120;97;x;x
784;38;74;215;x;x
785;217;174;140;x;x
786;135;14;127;x;x
787;53;36;182;x;x
788;67;106;111;x;x
789;123;173;105;x;x
790;6;2;128;x;x
791;159;99;25;x;x
792;150;80;94;x;x
793;209;32;98;x;x
794;73;52;169;x;x
795;128;85;231;x;x
796;245;181;189;x;x
797;6;201;184;x;x
798;156;236;147;x;x
799;53;62;78;x;x
800;66;149;189;x;x
801;249;180;24;x;x
802;78;95;138;x;x
803;141;255;21;x;x
804;86;77;6;x;x
805;165;201;124;x;x
806;2;61;8;x;x
807;184;37;252;x;x
808;125;201;176;x;x
809;104;249;42;x;x
810;174;227;221;x;x
811;22;216;82;x;x
812;102;44;7;x;x
813;47;56;106;x;x
814;42;69;80;x;x
815;150;229;217;x;x
816;246;180;134;x;x
817;157;107;93;x;x
818;152;17;100;x;x
819;239;147;24;x;x
820;37;14;200;x;x
821;8;119;234;x;x
822;35;228;11;x;x
823;50;155;178;x;x
824;5;134;172;x;x
825;196;67;231;x;x
826;177;216;119;x;x
827;43;58;69;x;x
828;141;23;18;x;x
829;23;243;17;x;x
830;145;11;148;x;x
831;249;201;127;x;x
832;94;192;84;x;x
833;42;253;185;x;x
834;60;66;203;x;x
835;219;74;111;x;x
836;99;255;131;x;x
837;147;32;193;x;x
838;234;220;153;x;x
839;66;77;106;x;x
840;170;69;234;x;x
841;218;86;6;x;x
842;108;102;255;x;x
843;58;240;199;x;x
844;38;64;223;x;x
845;1;159;53;x;x
846;152;198;178;x;x
847;254;55;155;x;x
848;92;108;57;x;x
849;226;149;156;x;x
850;153;10;196;x;x
851;77;49;198;x;x
852;251;96;205;x;x
853;209;247;168;x;x
854;3;220;9;x;x
855;214;93;82;x;x
856;127;212;193;x;x
857;120;229;232;x;x
858;76;138;28;x;x
859;184;192;95;x;x
860;160;47;222;x;x
861;118;0;100;x;x
862;234;75;67;x;x
863;200;5;20;x;x
864;235;246;104;x;x
865;61;12;160;x;x
866;5;172;35;x;x
867;215;138;193;x;x
868;153;80;117;x;x
869;174;86;107;x;x
870;119;137;232;x;x
871;50;131;8;x;x
872;179;113;34;x;x
873;15;79;184;x;x
874;243;40;105;x;x
875;47;245;42;x;x
876;180;56;196;x;x
877;88;105;207;x;x
878;237;235;134;x;x
879;193;68;194;x;x
880;231;160;137;x;x
881;200;171;233;x;x
882;184;173;168;x;x
883;12;179;85;x;x
884;93;80;206;x;x
885;186;42;12;x;x
886;190;184;35;x;x
887;242;133;246;x;x
888;105;184;52;x;x
889;157;143;31;x;x
890;97;161;99;x;x
891;219;156;194;x;x
892;174;27;238;x;x
893;149;1;183;x;x
894;252;205;123;x;x
895;90;86;229;x;x
896;247;19;61;x;x
897;100;105;35;x;x
898;211;190;16;x;x
899;146;22;234;x;x
900;102;138;202;x;x
901;134;251;92;x;x
902;77;15;136;x;x
903;207;193;85;x;x
904;193;46;183;x;x
905;61;16;20;x;x
906;72;61;222;x;x
907;217;182;137;x;x
908;37;141;243;x;x
909;242;24;35;x;x
910;243;23;126;x;x
911;9;24;47;x;x
912;52;35;84;x;x
913;118;225;112;x;x
914;170;1;217;x;x
915;59;104;184;x;x
916;14;85;87;x;x
917;136;183;228;x;x
918;195;172;112;x;x
919;85;46;44;x;x
920;11;7;123;x;x
921;169;160;16;x;x
922;249;107;7;x;x
923;16;193;102;x;x
924;212;28;137;x;x
925;50;109;93;x;x
926;33;165;202;x;x
927;84;51;5;x;x
928;99;250;32;x;x
929;47;137;3;x;x
930;57;14;224;x;x
931;44;174;170;x;x
932;12;144;32;x;x
933;31;8;202;x;x
934;57;62;227;x;x
935;194;66;11;x;x
936;18;124;217;x;x
937;74;109;19;x;x
938;177;153;99;x;x
939;43;37;6;x;x
940;117;99;32;x;x
941;247;211;156;x;x
942;203;145;193;x;x
943;34;70;204;x;x
944;159;29;89;x;x
945;249;138;133;x;x
946;108;147;122;x;x
947;127;56;174;x;x
948;64;4;5;x;x
949;65;178;9;x;x
950;28;231;55;x;x
951;97;128;198;x;x
952;153;93;242;x;x
953;29;188;40;x;x
954;176;27;218;x;x
955;33;164;222;x;x
956;88;156;32;x;x
957;205;235;240;x;x
958;5;14;29;x;x
959;218;236;44;x;x
960;4;127;235;x;x
961;148;34;154;x;x
962;159;239;144;x;x
963;119;24;185;x;x
964;218;102;138;x;x
965;126;88;144;x;x
966;64;5;175;x;x
967;89;240;117;x;x
968;114;45;35;x;x
969;216;250;31;x;x
970;25;192;130;x;x
971;230;67;210;x;x
972;165;221;123;x;x
973;4;120;195;x;x
974;226;173;181;x;x
975;91;91;139;x;x
976;234;93;135;x;x
977;117;164;93;x;x
978;161;157;228;x;x
979;44;150;114;x;x
980;20;147;14;x;x
981;245;176;144;x;x
982;22;185;129;x;x
983;123;35;134;x;x
984;55;60;98;x;x
985;171;232;62;x;x
986;81;163;205;x;x
987;29;244;60;x;x
988;46;226;163;x;x
989;26;96;1;x;x
990;183;147;247;x;x
991;208;234;91;x;x
992;18;128;1;x;x
993;38;148;190;x;x
994;19;226;203;x;x
995;148;58;65;x;x
996;13;114;9;x;x
997;144;85;124;x;x
998;56;128;169;x;x
999;238;204;153;x;x
1000;36;13;172;x;x
1001;251;15;154;x;x
1002;93;34;77;x;x
1003;31;25;224;x;x
1004;0;80;35;x;x
1005;49;7;117;x;x
1006;101;195;246;x;x
1007;223;75;43;x;x
1008;181;193;178;x;x
1009;7;26;243;x;x
1010;81;110;67;x;x
1011;241;88;190;x;x
1012;173;39;238;x;x
1013;131;7;171;x;x
1014;69;87;125;x;x
1015;193;3;233;x;x
1016;2;121;201;x;x
1017;190;33;120;x;x
1018;97;103;212;x;x
1019;208;74;215;x;x
1020;130;39;136;x;x
1021;230;214;166;x;x
1022;110;165;250;x;x
1023;31;13;33;x;x
1024;166;164;15;x;x
1025;195;90;213;x;x
1026;125;210;113;x;x
1027;123;48;152;x;x
1028;120;41;50;x;x
1029;72;215;2;x;x
1030;124;45;253;x;x
1031;183;74;245;x;x
1032;165;194;207;x;x
1033;240;255;3;x;x
1034;97;237;103;x;x
1035;56;144;119;x;x
1036;186;47;71;x;x
1037;134;175;236;x;x
1038;189;190;157;x;x
1039;226;126;24;x;x
1040;241;44;22;x;x
1041;237;192;98;x;x
1042;141;149;55;x;x
1043;94;39;69;x;x
1044;81;130;241;x;x
1045;109;182;230;x;x
1046;145;8;102;x;x
1047;118;175;21;x;x
1048;136;149;78;x;x
1049;222;149;6;x;x
1050;11;99;249;x;x
1051;222;82;7;x;x
1052;24;191;178;x;x
1053;142;118;145;x;x
1054;21;102;227;x;x
1055;75;134;130;x;x
1056;118;70;153;x;x
1057;126;139;238;x;x
1058;157;38;71;x;x
1059;236;6;12;x;x
1060;114;93;186;x;x
1061;90;53;204;x;x
1062;167;192;35;x;x
1063;43;83;123;x;x
1064;26;30;118;x;x
1065;26;60;111;x;x
1066;218;239;203;x;x
1067;154;190;0;x;x
1068;69;166;123;x;x
1069;25;254;111;x;x
1070;211;110;139;x;x
1071;173;249;152;x;x
1072;149;112;26;x;x
1073;49;201;246;x;x
1074;154;7;136;x;x
1075;245;17;133;x;x
1076;214;147;153;x;x
1077;121;102;5;x;x
1078;9;86;219;x;x
1079;115;201;163;x;x
1080;216;157;196;x;x
1081;249;237;63;x;x
1082;225;192;111;x;x
1083;75;178;8;x;x
1084;183;124;66;x;x
1085;109;54;68;x;x
1086;152;38;158;x;x
1087;12;166;90;x;x
1088;218;129;241;x;x
1089;4;8;188;x;x
1090;163;238;13;x;x
1091;25;117;22;x;x
1092;12;205;52;x;x
1093;230;252;149;x;x
1094;43;10;100;x;x
1095;185;93;27;x;x
1096;53;141;211;x;x
1097;135;9;144;x;x
1098;208;116;104;x;x
1099;245;98;35;x;x
1100;229;88;39;x;x
1101;100;110;86;x;x
1102;79;51;68;x;x
1103;134;126;115;x;x
1104;248;132;159;x;x
1105;248;79;14;x;x
1106;123;237;148;x;x
1107;41;231;78;x;x
1108;82;89;144;x;x
1109;30;123;118;x;x
1110;231;79;211;x;x
1111;248;96;179;x;x
1112;128;201;188;x;x
1113;165;0;180;x;x
1114;145;33;48;x;x
1115;179;246;91;x;x
1116;235;249;3;x;x
1117;16;110;20;x;x
1118;156;161;149;x;x
1119;122;206;120;x;x
1120;14;233;76;x;x
1121;0;190;201;x;x
1122;193;9;11;x;x
1123;35;62;64;x;x
1124;238;156;121;x;x
1125;114;79;156;x;x
1126;207;77;123;x;x
1127;35;215;30;x;x
1128;197;24;193;x;x
1129;80;55;46;x;x
1130;219;229;138;x;x
1131;236;241;25;x;x
1132;130;250;200;x;x
1133;117;23;242;x;x
1134;242;99;94;x;x
1135;81;154;182;x;x
1136;120;255;200;x;x
1137;205;221;237;x;x
1138;134;132;179;x;x
1139;94;141;227;x;x
1140;212;169;48;x;x
1141;232;62;166;x;x
1142;66;40;232;x;x
1143;134;227;246;x;x
1144;219;73;253;x;x
1145;42;53;229;x;x
1146;139;26;77;x;x
1147;108;99;219;x;x
1148;250;184;236;x;x
1149;204;22;213;x;x
1150;28;218;22;x;x
1151;116;222;73;x;x
1152;85;179;26;x;x
1153;85;118;14;x;x
1154;209;102;127;x;x
1155;77;198;167;x;x
1156;69;43;81;x;x
1157;39;135;203;x;x
1158;206;71;147;x;x
1159;196;181;41;x;x
1160;104;141;225;x;x
1161;199;60;138;x;x
1162;125;17;124;x;x
1163;89;110;226;x;x
1164;161;50;238;x;x
1165;224;226;175;x;x
1166;212;31;184;x;x
1167;168;179;221;x;x
1168;115;50;117;x;x
1169;171;42;151;x;x
1170;191;249;253;x;x
1171;17;111;176;x;x
1172;27;105;192;x;x
1173;129;36;246;x;x
1174;34;244;213;x;x
1175;241;11;247;x;x
1176;127;40;211;x;x
1177;32;56;243;x;x
1178;255;104;211;x;x
1179;246;127;186;x;x
1180;69;112;246;x;x
1181;6;210;167;x;x
1182;238;179;14;x;x
1183;209;252;134;x;x
1184;114;185;135;x;x
1185;219;110;32;x;x
1186;22;9;32;x;x
1187;20;17;169;x;x
1188;157;122;198;x;x
1189;249;138;155;x;x
1190;39;183;144;x;x
1191;230;166;146;x;x
1192;56;248;187;x;x
1193;25;80;113;x;x
1194;135;225;134;x;x
1195;161;105;58;x;x
1196;20;246;131;x;x
1197;229;136;242;x;x
1198;144;240;239;x;x
1199;33;96;66;x;x
1200;114;116;175;x;x
1201;220;67;219;x;x
1202;146;16;70;x;x
1203;25;132;28;x;x
1204;120;182;46;x;x
1205;44;197;245;x;x
1206;185;231;99;x;x
1207;198;240;173;x;x
1208;48;20;177;x;x
1209;43;223;231;x;x
1210;183;54;42;x;x
1211;38;53;113;x;x
1212;28;198;224;x;x
1213;42;59;139;x;x
1214;47;207;246;x;x
1215;64;81;71;x;x
1216;45;9;188;x;x
1217;116;53;136;x;x
1218;37;237;8;x;x
1219;105;18;32;x;x
1220;133;213;234;x;x
1221;110;218;194;x;x
1222;26;143;190;x;x
1223;190;24;152;x;x
1224;239;12;246;x;x
1225;8;216;111;x;x
1226;18;146;71;x;x
1227;179;248;232;x;x
1228;36;159;0;x;x
1229;167;160;227;x;x
1230;53;60;2;x;x
1231;157;165;185;x;x
1232;4;123;160;x;x
1233;129;30;103;x;x
1234;212;246;181;x;x
1235;30;211;132;x;x
1236;173;122;160;x;x
1237;201;99;105;x;x
1238;187;170;231;x;x
1239;142;17;112;x;x
1240;48;43;180;x;x
1241;19;221;48;x;x
1242;218;6;202;x;x
1243;210;239;228;x;x
1244;7;21;5;x;x
1245;247;122;96;x;x
1246;217;108;233;x;x
1247;231;84;98;x;x
1248;18;88;223;x;x
1249;163;236;16;x;x
1250;47;96;45;x;x
1251;244;184;184;x;x
1252;181;195;149;x;x
1253;131;239;124;x;x
1254;124;212;200;x;x
1255;158;140;14;x;x
1256;199;122;87;x;x
1257;82;114;130;x;x
1258;216;231;197;x;x
1259;189;185;52;x;x
1260;170;159;54;x;x
1261;193;110;90;x;x
1262;53;246;6;x;x
1263;38;12;97;x;x
1264;231;78;178;x;x
1265;80;103;132;x;x
1266;89;187;185;x;x
1267;133;234;123;x;x
1268;248;163;16;x;x
1269;41;136;65;x;x
1270;211;81;6;x;x
1271;143;181;35;x;x
1272;223;168;101;x;x
1273;187;247;216;x;x
1274;196;207;128;x;x
1275;196;7;235;x;x
1276;117;68;37;x;x
1277;54;122;160;x;x
1278;185;32;14;x;x
1279;221;244;209;x;x
1280;38;154;85;x;x
1281;212;107;216;x;x
1282;188;54;105;x;x
1283;192;49;130;x;x
1284;136;69;240;x;x
1285;18;34;30;x;x
1286;15;119;103;x;x
1287;6;60;224;x;x
1288;60;55;100;x;x
1289;217;223;118;x;x
1290;197;136;234;x;x
1291;151;41;231;x;x
1292;11;67;52;x;x
1293;99;172;47;x;x
1294;107;25;223;x;x
1295;64;95;27;x;x
1296;232;187;43;x;x
1297;149;220;84;x;x
1298;241;151;32;x;x
1299;57;61;160;x;x
1300;161;117;42;x;x
1301;0;47;78;x;x
1302;104;51;208;x;x
1303;95;165;160;x;x
1304;225;71;179;x;x
1305;68;118;237;x;x
1306;234;126;135;x;x
1307;51;66;153;x;x
1308;245;30;41;x;x
1309;27;79;163;x;x
1310;148;135;69;x;x
1311;92;248;165;x;x
1312;23;167;126;x;x
1313;232;63;163;x;x
1314;123;8;182;x;x
1315;99;218;101;x;x
1316;213;10;123;x;x
1317;128;37;5;x;x
1318;34;23;43;x;x
1319;86;193;188;x;x
1320;187;255;254;x;x
1321;218;45;178;x;x
1322;246;113;84;x;x
1323;188;202;178;x;x
1324;145;243;253;x;x
1325;112;160;248;x;x
1326;147;18;169;x;x
1327;92;201;137;x;x
1328;89;182;219;x;x
1329;224;250;3;x;x
1330;109;109;78;x;x
1331;163;129;210;x;x
1332;151;166;5;x;x
1333;236;27;27;x;x
1334;43;30;49;x;x
1335;62;94;14;x;x
1336;235;17;131;x;x
1337;9;131;66;x;x
1338;234;42;152;x;x
1339;81;224;95;x;x
1340;24;223;79;x;x
1341;102;120;145;x;x
1342;177;160;150;x;x
1343;207;157;97;x;x
1344;19;51;3;x;x
1345;204;119;36;x;x
1346;209;103;92;x;x
1347;168;225;143;x;x
1348;252;87;105;x;x
1349;131;218;64;x;x
1350;34;106;168;x;x
1351;209;50;161;x;x
1352;118;34;200;x;x
1353;122;73;209;x;x
1354;187;108;26;x;x
1355;232;172;84;x;x
1356;171;62;228;x;x
1357;115;157;56;x;x
1358;33;217;58;x;x
1359;128;76;122;x;x
1360;244;184;121;x;x
1361;63;66;53;x;x
1362;94;4;171;x;x
1363;72;207;156;x;x
1364;162;92;245;x;x
1365;172;34;229;x;x
1366;116;177;38;x;x
1367;168;76;153;x;x
1368;143;70;145;x;x
1369;101;67;150;x;x
1370;254;250;111;x;x
1371;15;109;232;x;x
1372;11;5;13;x;x
1373;191;143;41;x;x
1374;65;186;111;x;x
1375;191;206;128;x;x
1376;179;18;123;x;x
1377;103;47;118;x;x
1378;137;76;197;x;x
1379;190;86;101;x;x
1380;183;216;137;x;x
1381;192;21;229;x;x
1382;104;143;148;x;x
1383;189;211;190;x;x
1384;245;19;231;x;x
1385;62;252;130;x;x
1386;1;122;186;x;x
1387;93;19;196;x;x
1388;227;108;131;x;x
1389;2;10;94;x;x
1390;246;255;225;x;x
1391;169;66;143;x;x
1392;80;208;163;x;x
1393;12;33;161;x;x
1394;75;166;131;x;x
1395;107;35;87;x;x
1396;127;9;60;x;x
1397;114;158;140;x;x
1398;12;14;48;x;x
1399;32;83;135;x;x
1400;76;100;6;x;x
1401;182;15;31;x;x
1402;217;7;174;x;x
1403;187;213;213;x;x
1404;214;165;20;x;x
1405;248;136;246;x;x
1406;252;216;145;x;x
1407;187;175;116;x;x
1408;27;32;164;x;x
1409;52;17;179;x;x
1410;220;201;26;x;x
1411;25;3;152;x;x
1412;194;228;140;x;x
1413;64;115;61;x;x
1414;169;165;219;x;x
1415;143;170;229;x;x
1416;235;23;16;x;x
1417;228;176;121;x;x
1418;18;112;110;x;x
1419;33;69;83;x;x
1420;31;57;164;x;x
1421;55;231;29;x;x
1422;215;214;53;x;x
1423;223;44;130;x;x
1424;75;100;252;x;x
1425;167;182;164;x;x
1426;219;157;227;x;x
1427;77;164;84;x;x
1428;79;71;91;x;x
1429;71;203;195;x;x
1430;189;187;52;x;x
1431;22;230;249;x;x
1432;183;186;138;x;x
1433;191;183;140;x;x
1434;168;246;29;x;x
1435;202;219;18;x;x
1436;42;186;55;x;x
1437;234;216;153;x;x
1438;214;9;6;x;x
1439;82;152;208;x;x
1440;212;242;16;x;x
1441;182;34;23;x;x
1442;157;8;35;x;x
1443;199;37;167;x;x
1444;195;106;76;x;x
1445;7;215;251;x;x
1446;252;131;150;x;x
1447;211;2;87;x;x
1448;236;121;55;x;x
1449;219;37;119;x;x
1450;127;127;116;x;x
1451;109;47;163;x;x
1452;71;26;27;x;x
1453;146;254;201;x;x
1454;125;103;69;x;x
1455;123;248;58;x;x
1456;186;134;63;x;x
1457;170;243;130;x;x
1458;188;30;241;x;x
1459;138;197;144;x;x
1460;210;156;238;x;x
1461;220;143;158;x;x
1462;75;60;238;x;x
1463;59;254;131;x;x
1464;40;232;82;x;x
1465;33;86;157;x;x
1466;3;238;72;x;x
1467;86;68;253;x;x
1468;38;179;230;x;x
1469;146;206;3;x;x
1470;118;201;247;x;x
1471;199;248;56;x;x
1472;76;9;96;x;x
1473;42;232;138;x;x
1474;153;249;172;x;x
1475;247;214;34;x;x
1476;2;179;126;x;x
1477;221;83;24;x;x
1478;8;152;120;x;x
1479;172;39;143;x;x
1480;81;214;165;x;x
1481;117;190;201;x;x
1482;88;163;200;x;x
1483;188;212;234;x;x
1484;99;184;151;x;x
1485;114;71;191;x;x
1486;44;138;214;x;x
1487;222;249;247;x;x
1488;192;81;251;x;x
1489;178;1;184;x;x
1490;65;222;179;x;x
1491;15;176;9;x;x
1492;128;204;97;x;x
1493;69;200;242;x;x
1494;53;100;172;x;x
1495;210;238;121;x;x
1496;188;56;213;x;x
1497;158;203;134;x;x
1498;42;11;132;x;x
1499;89;251;76;x;x
1500;156;109;175;x;x
1501;79;249;152;x;x
1502;246;249;229;x;x
1503;98;79;71;x;x
1504;126;235;48;x;x
1505;5;176;126;x;x
1506;172;41;239;x;x
1507;155;125;93;x;x
1508;188;46;103;x;x
1509;246;177;84;x;x
1510;163;87;56;x;x
1511;183;62;220;x;x
1512;232;56;78;x;x
1513;242;185;206;x;x
1514;196;165;71;x;x
1515;254;26;83;x;x
1516;247;232;65;x;x
1517;217;12;130;x;x
1518;255;239;185;x;x
1519;115;235;39;x;x
1520;66;25;38;x;x
1521;3;79;81;x;x
1522;92;18;136;x;x
1523;10;129;210;x;x
1524;222;28;100;x;x
1525;116;89;172;x;x
1526;188;119;99;x;x
1527;112;143;225;x;x
1528;230;34;152;x;x
1529;205;73;174;x;x
1530;49;16;106;x;x
1531;62;106;159;x;x
1532;200;207;210;x;x
1533;71;166;76;x;x
1534;103;17;151;x;x
1535;196;179;192;x;x
1536;15;8;194;x;x
1537;144;155;12;x;x
1538;15;184;30;x;x
1539;143;190;154;x;x
1540;25;44;68;x;x
1541;15;1;204;x;x
1542;153;25;106;x;x
1543;78;254;23;x;x
1544;159;167;164;x;x
1545;179;55;65;x;x
1546;206;22;119;x;x
1547;180;78;120;x;x
1548;110;61;39;x;x
1549;210;226;197;x;x
1550;188;172;199;x;x
1551;30;242;200;x;x
1552;205;59;101;x;x
1553;143;187;31;x;x
1554;212;222;206;x;x
1555;221;140;38;x;x
1556;209;221;250;x;x
1557;74;105;217;x;x
1558;195;132;36;x;x
1559;218;230;169;x;x
1560;102;71;18;x;x
1561;72;87;208;x;x
1562;150;114;240;x;x
1563;83;224;170;x;x
1564;191;167;26;x;x
1565;133;105;113;x;x
1566;196;93;186;x;x
1567;73;243;126;x;x
1568;29;226;142;x;x
1569;81;191;22;x;x
1570;103;248;62;x;x
1571;11;62;69;x;x
1572;25;80;164;x;x
1573;67;27;211;x;x
1574;100;167;1;x;x
1575;176;141;213;x;x
1576;118;61;35;x;x
1577;0;156;49;x;x
1578;13;6;92;x;x
1579;120;110;2;x;x
1580;188;12;217;x;x
1581;3;140;198;x;x
1582;211;246;175;x;x
1583;165;25;120;x;x
1584;141;112;248;x;x
1585;222;18;246;x;x
1586;26;86;43;x;x
1587;174;64;13;x;x
1588;217;150;241;x;x
1589;23;37;56;x;x
1590;82;110;210;x;x
1591;190;116;152;x;x
1592;126;31;163;x;x
1593;159;78;62;x;x
1594;45;130;195;x;x
1595;22;17;21;x;x
1596;44;31;21;x;x
1597;83;189;172;x;x
1598;3;11;23;x;x
1599;77;23;254;x;x
1600;140;149;239;x;x
1601;158;232;141;x;x
1602;209;41;34;x;x
1603;6;234;191;x;x
1604;250;138;32;x;x
1605;33;62;60;x;x
1606;134;174;53;x;x
1607;12;41;214;x;x
1608;35;201;110;x;x
1609;120;187;49;x;x
1610;17;96;69;x;x
1611;154;197;102;x;x
1612;121;110;255;x;x
1613;90;147;78;x;x
1614;63;26;72;x;x
1615;212;213;210;x;x
1616;115;130;6;x;x
1617;164;126;200;x;x
1618;215;141;192;x;x
1619;63;166;111;x;x
1620;166;87;26;x;x
1621;3;146;69;x;x
1622;130;58;66;x;x
1623;225;229;112;x;x
1624;100;253;44;x;x
1625;175;239;89;x;x
1626;36;92;198;x;x
1627;245;42;247;x;x
1628;225;152;0;x;x
1629;116;34;146;x;x
1630;74;37;199;x;x
1631;152;249;229;x;x
1632;138;9;9;x;x
1633;143;234;228;x;x
1634;121;106;122;x;x
1635;66;13;67;x;x
1636;173;50;201;x;x
1637;139;56;236;x;x
1638;161;178;211;x;x
1639;178;41;118;x;x
1640;151;136;32;x;x
1641;135;93;185;x;x
1642;25;133;253;x;x
1643;90;136;108;x;x
1644;36;229;135;x;x
1645;175;85;218;x;x
1646;163;96;122;x;x
1647;60;70;145;x;x
1648;58;85;153;x;x
1649;98;57;19;x;x
1650;220;157;210;x;x
1651;70;152;107;x;x
1652;178;226;46;x;x
1653;31;250;245;x;x
1654;83;157;141;x;x
1655;67;29;109;x;x
1656;107;238;164;x;x
1657;103;72;162;x;x
1658;215;79;76;x;x
1659;243;250;153;x;x
1660;70;154;69;x;x
1661;106;51;128;x;x
1662;163;60;142;x;x
1663;116;74;201;x;x
1664;253;27;111;x;x
1665;146;108;150;x;x
1666;142;212;241;x;x
1667;7;109;233;x;x
1668;27;114;255;x;x
1669;121;209;27;x;x
1670;146;231;1;x;x
1671;172;43;111;x;x
1672;88;124;92;x;x
1673;146;243;113;x;x
1674;133;134;56;x;x
1675;65;58;81;x;x
1676;242;186;55;x;x
1677;71;87;41;x;x
1678;221;57;180;x;x
1679;136;145;124;x;x
1680;125;67;114;x;x
1681;77;80;224;x;x
1682;84;235;188;x;x
1683;136;131;76;x;x
1684;5;27;146;x;x
1685;74;91;236;x;x
1686;6;255;129;x;x
1687;78;206;74;x;x
1688;223;238;140;x;x
1689;239;180;46;x;x
1690;235;170;233;x;x
1691;42;194;93;x;x
1692;144;78;73;x;x
1693;2;102;121;x;x
1694;185;28;173;x;x
1695;237;167;39;x;x
1696;137;16;58;x;x
1697;162;158;57;x;x
1698;77;18;184;x;x
1699;232;31;77;x;x
1700;222;69;71;x;x
1701;96;60;49;x;x
1702;16;22;83;x;x
1703;189;248;238;x;x
1704;213;117;61;x;x
1705;100;156;30;x;x
1706;182;82;139;x;x
1707;146;101;242;x;x
1708;108;232;211;x;x
1709;0;20;4;x;x
1710;15;126;132;x;x
1711;104;57;60;x;x
1712;31;94;125;x;x
1713;112;85;180;x;x
1714;238;21;107;x;x
1715;185;215;34;x;x
1716;197;177;28;x;x
1717;19;100;150;x;x
1718;60;198;75;x;x
1719;126;252;149;x;x
1720;241;44;27;x;x
1721;238;236;54;x;x
1722;39;231;81;x;x
1723;233;21;14;x;x
1724;194;49;73;x;x
1725;24;118;90;x;x
1726;163;138;217;x;x
1727;216;158;212;x;x
1728;236;159;3;x;x
1729;97;152;20;x;x
1730;106;195;57;x;x
1731;129;135;43;x;x
1732;196;210;168;x;x
1733;126;203;146;x;x
1734;140;245;67;x;x
1735;152;46;139;x;x
1736;239;51;88;x;x
1737;56;154;24;x;x
1738;65;178;246;x;x
1739;130;52;206;x;x
1740;176;90;6;x;x
1741;170;252;192;x;x
1742;13;205;171;x;x
1743;11;123;168;x;x
1744;146;34;83;x;x
1745;200;135;89;x;x
1746;76;65;157;x;x
1747;52;73;22;x;x
1748;244;180;61;x;x
1749;2;32;186;x;x
1750;195;102;127;x;x
1751;137;89;1;x;x
1752;41;55;190;x;x
1753;38;213;163;x;x
1754;245;86;60;x;x
1755;161;26;89;x;x
1756;6;9;209;x;x
1757;174;154;42;x;x
1758;149;86;247;x;x
1759;86;109;126;x;x
1760;209;197;96;x;x
1761;187;26;44;x;x
1762;87;53;29;x;x
1763;128;210;111;x;x
1764;49;56;187;x;x
1765;168;152;161;x;x
1766;48;57;35;x;x
1767;20;0;104;x;x
1768;82;71;77;x;x
1769;71;115;210;x;x
1770;61;25;132;x;x
1771;127;12;218;x;x
1772;65;242;65;x;x
1773;93;117;144;x;x
1774;144;206;51;x;x
1775;1;60;251;x;x
1776;254;236;113;x;x
1777;22;141;212;x;x
1778;168;167;37;x;x
1779;170;57;235;x;x
1780;7;62;205;x;x
1781;12;228;82;x;x
1782;50;126;107;x;x
1783;26;255;176;x;x
1784;66;177;161;x;x
1785;168;116;151;x;x
1786;252;173;227;x;x
1787;49;113;46;x;x
1788;246;163;192;x;x
1789;7;130;243;x;x
1790;72;39;214;x;x
1791;154;104;87;x;x
1792;3;79;140;x;x
1793;163;126;205;x;x
1794;219;67;229;x;x
1795;131;242;40;x;x
1796;117;220;140;x;x
1797;222;242;184;x;x
1798;224;27;59;x;x
1799;134;248;47;x;x
1800;191;13;62;x;x
1801;97;93;151;x;x
1802;75;153;94;x;x
1803;32;44;228;x;x
1804;199;212;86;x;x
1805;90;188;30;x;x
1806;105;124;175;x;x
1807;35;224;114;x;x
1808;211;55;135;x;x
1809;157;130;216;x;x
1810;63;111;123;x;x
1811;206;155;81;x;x
1812;201;171;8;x;x
1813;107;133;211;x;x
1814;148;48;39;x;x
1815;117;103;108;x;x
1816;95;254;216;x;x
1817;77;175;104;x;x
1818;214;10;122;x;x
1819;176;89;73;x;x
1820;43;144;60;x;x
1821;116;157;57;x;x
1822;73;213;183;x;x
1823;119;84;85;x;x
1824;69;152;12;x;x
1825;150;143;19;x;x
1826;134;182;182;x;x
1827;21;239;1;x;x
1828;253;78;111;x;x
1829;65;61;96;x;x
1830;113;50;84;x;x
1831;92;223;210;x;x
1832;76;77;214;x;x
1833;13;182;126;x;x
1834;111;49;216;x;x
1835;145;90;22;x;x
1836;237;46;227;x;x
1837;165;177;90;x;x
1838;33;187;98;x;x
1839;253;128;199;x;x
1840;179;99;59;x;x
1841;235;231;0;x;x
1842;97;147;181;x;x
1843;111;119;192;x;x
1844;1;119;50;x;x
1845;223;122;221;x;x
1846;39;185;35;x;x
1847;25;80;98;x;x
1848;134;201;179;x;x
1849;107;255;162;x;x
1850;183;67;140;x;x
1851;225;230;135;x;x
1852;242;197;156;x;x
1853;232;166;246;x;x
1854;142;149;229;x;x
1855;63;160;98;x;x
1856;138;125;114;x;x
1857;120;57;221;x;x
1858;245;123;30;x;x
1859;134;91;33;x;x
1860;212;108;251;x;x
1861;107;135;76;x;x
1862;66;2;96;x;x
1863;100;154;63;x;x
1864;115;162;33;x;x
1865;63;53;242;x;x
1866;42;106;125;x;x
1867;117;61;218;x;x
1868;174;137;16;x;x
1869;11;103;19;x;x
1870;115;34;189;x;x
1871;208;45;188;x;x
1872;215;77;134;x;x
1873;74;251;54;x;x
1874;125;53;103;x;x
1875;254;57;186;x;x
1876;85;185;146;x;x
1877;246;63;72;x;x
1878;160;192;254;x;x
1879;117;175;195;x;x
1880;79;223;190;x;x
1881;76;228;54;x;x
1882;88;100;145;x;x
1883;217;147;175;x;x
1884;84;181;185;x;x
1885;210;219;190;x;x
1886;112;214;100;x;x
1887;173;88;124;x;x
1888;231;179;165;x;x
1889;35;190;28;x;x
1890;105;249;188;x;x
1891;213;44;121;x;x
1892;58;153;96;x;x
1893;92;80;235;x;x
1894;215;231;212;x;x
1895;171;79;86;x;x
1896;247;122;161;x;x
1897;192;65;3;x;x
1898;55;85;221;x;x
1899;10;143;140;x;x
1900;112;67;101;x;x
1901;233;242;147;x;x
1902;55;139;74;x;x
1903;25;19;12;x;x
1904;104;114;252;x;x
1905;11;2;92;x;x
1906;23;104;87;x;x
1907;168;76;161;x;x
1908;160;135;132;x;x
1909;188;31;245;x;x
1910;52;20;36;x;x
1911;89;109;117;x;x
1912;31;49;150;x;x
1913;250;206;61;x;x
1914;11;226;234;x;x
1915;212;225;86;x;x
1916;121;223;111;x;x
1917;13;123;67;x;x
1918;166;0;182;x;x
1919;135;70;185;x;x
1920;100;160;105;x;x
1921;89;18;234;x;x
1922;60;255;230;x;x
1923;112;219;96;x;x
1924;164;193;42;x;x
1925;20;59;156;x;x
1926;56;24;198;x;x
1927;192;162;208;x;x
1928;193;14;150;x;x
1929;165;215;114;x;x
1930;106;95;252;x;x
1931;177;144;87;x;x
1932;200;86;14;x;x
1933;181;66;45;x;x
1934;238;64;130;x;x
1935;205;73;31;x;x
1936;149;128;103;x;x
1937;244;44;143;x;x
1938;119;180;88;x;x
1939;224;5;19;x;x
1940;85;84;241;x;x
1941;136;181;255;x;x
1942;168;29;127;x;x
1943;161;143;97;x;x
1944;110;127;2;x;x
1945;42;234;227;x;x
1946;251;239;205;x;x
1947;223;202;11;x;x
1948;63;115;243;x;x
1949;254;13;207;x;x
1950;178;121;45;x;x
1951;72;52;25;x;x
1952;211;29;76;x;x
1953;35;51;192;x;x
1954;96;243;45;x;x
1955;215;145;28;x;x
1956;3;23;101;x;x
1957;27;25;224;x;x
1958;113;102;64;x;x
1959;232;26;149;x;x
1960;216;239;3;x;x
1961;150;13;146;x;x
1962;161;37;108;x;x
1963;88;245;184;x;x
1964;89;127;84;x;x
1965;248;174;82;x;x
1966;64;211;231;x;x
1967;146;155;102;x;x
1968;41;29;231;x;x
1969;200;54;151;x;x
1970;196;198;4;x;x
1971;255;13;27;x;x
1972;159;218;62;x;x
1973;91;160;88;x;x
1974;45;168;0;x;x
1975;125;3;86;x;x
1976;31;188;253;x;x
1977;184;84;242;x;x
1978;103;208;163;x;x
1979;198;129;127;x;x
1980;27;210;62;x;x
1981;33;149;28;x;x
1982;213;76;60;x;x
1983;239;148;76;x;x
1984;222;151;145;x;x
1985;120;122;162;x;x
1986;206;135;129;x;x
1987;215;170;181;x;x
1988;183;129;24;x;x
1989;187;179;58;x;x
1990;123;163;46;x;x
1991;19;214;7;x;x
1992;228;45;161;x;x
1993;133;231;251;x;x
1994;49;238;54;x;x
1995;240;130;80;x;x
1996;81;58;23;x;x
1997;123;82;36;x;x
1998;52;234;224;x;x
1999;194;222;126;x;x
2000;208;153;203;x;x
2001;210;247;214;x;x
2002;30;95;230;x;x
2003;199;129;150;x;x
2004;129;187;191;x;x
2005;84;251;106;x;x
2006;246;171;0;x;x
2007;124;97;149;x;x
2008;126;231;58;x;x
2009;196;73;90;x;x
2010;17;103;24;x;x
2011;200;0;86;x;x
2012;102;181;175;x;x
2013;245;208;36;x;x
2014;229;146;143;x;x
2015;90;115;237;x;x
2016;235;238;181;x;x
2017;167;98;99;x;x
2018;28;12;137;x;x
2019;179;183;87;x;x
2020;230;47;152;x;x
2021;228;46;129;x;x
2022;176;238;23;x;x
2023;235;147;114;x;x
2024;77;182;56;x;x
2025;92;123;210;x;x
2026;171;78;45;x;x
2027;98;107;11;x;x
2028;140;206;133;x;x
2029;118;148;172;x;x
2030;163;13;94;x;x
2031;218;220;72;x;x
2032;15;241;200;x;x
2033;237;225;235;x;x
2034;242;2;146;x;x
2035;134;190;198;x;x
2036;155;207;79;x;x
2037;235;225;183;x;x
2038;148;124;50;x;x
2039;229;21;171;x;x
2040;78;36;207;x;x
2041;213;167;78;x;x
2042;186;128;149;x;x
2043;72;226;115;x;x
2044;64;44;216;x;x
2045;4;161;227;x;x
2046;243;97;89;x;x
2047;163;53;160;x;x
2048;244;159;91;x;x
2049;32;55;186;x;x
2050;254;96;122;x;x
2051;94;39;168;x;x
2052;82;232;173;x;x
2053;245;124;136;x;x
2054;40;62;1;x;x
2055;147;136;234;x;x
2056;98;87;76;x;x
2057;31;172;74;x;x
2058;96;29;128;x;x
2059;243;67;125;x;x
2060;121;171;6;x;x
2061;94;103;245;x;x
2062;235;110;179;x;x
2063;38;7;139;x;x
2064;250;108;119;x;x
2065;157;134;254;x;x
2066;168;96;133;x;x
2067;213;252;93;x;x
2068;157;36;39;x;x
2069;173;104;19;x;x
2070;128;159;191;x;x
2071;10;255;160;x;x
2072;160;26;206;x;x
2073;169;140;230;x;x
2074;81;83;177;x;x
2075;109;226;207;x;x
2076;241;6;21;x;x
2077;187;61;16;x;x
2078;202;106;183;x;x
2079;3;163;176;x;x
2080;39;190;60;x;x
2081;9;253;247;x;x
2082;78;209;66;x;x
2083;90;189;167;x;x
2084;72;121;60;x;x
2085;7;165;62;x;x
2086;44;163;247;x;x
2087;157;21;24;x;x
2088;69;14;138;x;x
2089;161;187;39;x;x
2090;230;246;228;x;x
2091;178;61;40;x;x
2092;163;208;194;x;x
2093;214;72;221;x;x
2094;18;239;227;x;x
2095;142;92;23;x;x
2096;88;132;225;x;x
2097;130;187;109;x;x
2098;181;90;23;x;x
2099;149;180;129;x;x
2100;234;187;219;x;x
2101;111;167;54;x;x
2102;216;133;20;x;x
2103;145;190;5;x;x
2104;81;199;79;x;x
2105;71;169;43;x;x
2106;179;177;135;x;x
2107;114;251;0;x;x
2108;203;186;196;x;x
2109;58;151;0;x;x
2110;186;132;163;x;x
2111;206;65;185;x;x
2112;216;63;178;x;x
2113;149;151;39;x;x
2114;122;57;56;x;x
2115;82;12;115;x;x
2116;118;109;58;x;x
2117;107;236;188;x;x
2118;31;96;99;x;x
2119;137;237;79;x;x
2120;240;236;44;x;x
2121;131;52;160;x;x
2122;108;150;89;x;x
2123;197;125;102;x;x
2124;86;210;69;x;x
2125;117;159;65;x;x
2126;216;123;30;x;x
2127;93;110;135;x;x
2128;230;101;88;x;x
2129;133;131;169;x;x
2130;185;35;177;x;x
2131;152;173;241;x;x
2132;125;139;184;x;x
2133;204;163;49;x;x
2134;154;135;184;x;x
2135;191;100;38;x;x
2136;179;202;193;x;x
2137;179;183;123;x;x
2138;96;108;45;x;x
2139;220;120;143;x;x
2140;112;172;195;x;x
2141;102;49;55;x;x
2142;70;115;238;x;x
2143;99;21;13;x;x
2144;5;136;59;x;x
2145;53;169;68;x;x
2146;252;110;188;x;x
2147;150;93;171;x;x
2148;224;156;149;x;x
2149;249;85;64;x;x
2150;207;45;82;x;x
2151;71;16;19;x;x
2152;211;46;206;x;x
2153;64;205;208;x;x
2154;49;98;128;x;x
2155;90;84;161;x;x
2156;250;121;62;x;x
2157;189;10;155;x;x
2158;34;55;28;x;x
2159;159;126;142;x;x
2160;36;115;162;x;x
2161;217;84;230;x;x
2162;195;71;90;x;x
2163;232;233;160;x;x
2164;123;147;196;x;x
2165;146;127;16;x;x
2166;21;137;85;x;x
2167;228;146;11;x;x
2168;210;183;27;x;x
2169;135;40;220;x;x
2170;66;164;39;x;x
2171;127;21;20;x;x
2172;39;106;197;x;x
2173;191;108;243;x;x
2174;169;66;1;x;x
2175;216;126;115;x;x
2176;193;227;26;x;x
2177;241;154;105;x;x
2178;15;189;155;x;x
2179;144;135;251;x;x
2180;130;50;46;x;x
2181;67;157;39;x;x
2182;175;243;76;x;x
2183;252;86;75;x;x
2184;165;228;103;x;x
2185;235;159;84;x;x
2186;173;24;221;x;x
2187;96;197;61;x;x
2188;115;193;159;x;x
2189;31;161;139;x;x
2190;242;193;30;x;x
2191;11;40;8;x;x
2192;145;84;224;x;x
2193;205;199;155;x;x
2194;32;251;68;x;x
2195;220;18;29;x;x
2196;250;73;135;x;x
2197;251;231;238;x;x
2198;124;21;138;x;x
2199;120;76;123;x;x
2200;57;39;218;x;x
2201;161;175;212;x;x
2202;88;146;207;x;x
2203;15;0;82;x;x
2204;251;75;61;x;x
2205;15;109;204;x;x
2206;136;251;45;x;x
2207;98;239;192;x;x
2208;205;165;88;x;x
2209;116;102;137;x;x
2210;205;66;142;x;x
2211;176;141;12;x;x
2212;92;56;237;x;x
2213;60;79;104;x;x
2214;191;118;255;x;x
2215;233;199;225;x;x
2216;113;127;21;x;x
2217;89;119;154;x;x
2218;79;114;178;x;x
2219;164;9;49;x;x
2220;76;2;217;x;x
2221;241;197;126;x;x
2222;104;130;206;x;x
2223;220;113;20;x;x
2224;7;19;52;x;x
2225;199;72;56;x;x
2226;21;220;90;x;x
2227;247;236;30;x;x
2228;30;176;86;x;x
2229;157;253;134;x;x
2230;248;73;191;x;x
2231;236;166;191;x;x
2232;47;237;78;x;x
2233;132;177;87;x;x
2234;195;222;144;x;x
2235;91;41;194;x;x
2236;211;179;67;x;x
2237;93;3;19;x;x
2238;30;35;183;x;x
2239;231;139;246;x;x
2240;50;34;219;x;x
2241;18;235;227;x;x
2242;134;186;236;x;x
2243;128;24;186;x;x
2244;101;149;32;x;x
2245;124;155;198;x;x
2246;155;8;6;x;x
2247;185;158;52;x;x
2248;190;156;46;x;x
2249;38;52;211;x;x
2250;183;204;47;x;x
2251;44;55;96;x;x
2252;48;95;76;x;x
2253;232;245;210;x;x
2254;163;86;208;x;x
2255;46;34;53;x;x
2256;25;62;63;x;x
2257;37;247;4;x;x
2258;163;255;77;x;x
2259;26;89;246;x;x
2260;37;124;146;x;x
2261;235;171;116;x;x
2262;196;19;170;x;x
2263;36;199;223;x;x
2264;116;170;168;x;x
2265;125;125;180;x;x
2266;117;188;208;x;x
2267;226;194;215;x;x
2268;98;173;152;x;x
2269;79;96;78;x;x
2270;203;24;198;x;x
2271;142;200;91;x;x
2272;124;62;75;x;x
2273;143;202;62;x;x
2274;145;73;181;x;x
2275;225;216;84;x;x
2276;185;104;52;x;x
2277;36;214;105;x;x
2278;82;78;233;x;x
2279;197;178;153;x;x
2280;10;167;73;x;x
2281;145;209;148;x;x
2282;117;129;48;x;x
2283;102;97;141;x;x
2284;7;186;41;x;x
2285;125;231;168;x;x
2286;154;49;5;x;x
2287;52;191;47;x;x
2288;222;51;225;x;x
2289;152;146;254;x;x
2290;59;139;4;x;x
2291;144;248;32;x;x
2292;92;46;61;x;x
2293;173;141;49;x;x
2294;65;144;159;x;x
2295;182;115;182;x;x
2296;71;200;124;x;x
2297;209;112;208;x;x
2298;85;169;44;x;x
2299;57;124;51;x;x
2300;147;72;131;x;x
2301;213;190;35;x;x
2302;178;225;221;x;x
2303;5;51;44;x;x
2304;22;21;30;x;x
2305;31;40;67;x;x
2306;43;31;131;x;x
2307;224;223;233;x;x
2308;199;146;211;x;x
2309;29;117;229;x;x
2310;131;27;103;x;x
2311;182;255;170;x;x
2312;121;138;25;x;x
2313;46;29;140;x;x
2314;193;152;3;x;x
2315;123;240;42;x;x
2316;235;42;157;x;x
2317;44;102;225;x;x
2318;93;225;228;x;x
2319;241;13;234;x;x
2320;149;227;0;x;x
2321;144;4;84;x;x
2322;165;24;243;x;x
2323;45;102;56;x;x
2324;17;219;202;x;x
2325;172;45;42;x;x
2326;84;201;45;x;x
2327;108;75;95;x;x
2328;167;88;244;x;x
2329;127;162;231;x;x
2330;31;221;236;x;x
2331;158;211;90;x;x
2332;212;39;162;x;x
2333;244;201;76;x;x
2334;170;227;31;x;x
2335;223;120;37;x;x
2336;86;213;98;x;x
2337;205;210;64;x;x
2338;137;16;40;x;x
2339;168;117;184;x;x
2340;102;54;92;x;x
2341;127;55;50;x;x
2342;116;155;48;x;x
2343;56;109;240;x;x
2344;111;97;67;x;x
2345;180;178;96;x;x
2346;118;44;91;x;x
2347;128;9;196;x;x
2348;197;101;53;x;x
2349;183;213;212;x;x
2350;128;74;175;x;x
2351;48;128;161;x;x
2352;22;159;208;x;x
2353;131;127;237;x;x
2354;9;10;253;x;x
2355;208;133;77;x;x
2356;226;231;140;x;x
2357;155;9;252;x;x
2358;108;34;168;x;x
2359;2;16;43;x;x
2360;204;212;216;x;x
2361;89;113;152;x;x
2362;54;152;92;x;x
2363;38;231;58;x;x
2364;147;157;152;x;x
2365;240;196;205;x;x
2366;110;107;220;x;x
2367;115;0;189;x;x
2368;7;209;2;x;x
2369;18;158;239;x;x
2370;233;182;148;x;x
2371;42;104;33;x;x
2372;88;28;7;x;x
2373;190;165;254;x;x
2374;5;65;47;x;x
2375;122;38;129;x;x
2376;81;156;43;x;x
2377;25;235;101;x;x
2378;229;37;141;x;x
2379;69;22;159;x;x
2380;148;217;16;x;x
2381;123;186;35;x;x
2382;114;60;101;x;x
2383;77;137;186;x;x
2384;191;115;199;x;x
2385;43;95;240;x;x
2386;7;183;234;x;x
2387;51;134;242;x;x
2388;189;184;255;x;x
2389;129;206;63;x;x
2390;13;145;43;x;x
2391;205;123;246;x;x
2392;191;104;51;x;x
2393;215;26;229;x;x
2394;185;45;134;x;x
2395;57;71;249;x;x
2396;171;64;175;x;x
2397;221;207;162;x;x
2398;183;141;149;x;x
2399;133;54;251;x;x
2400;49;62;154;x;x
2401;192;62;107;x;x
2402;191;227;179;x;x
2403;101;206;208;x;x
2404;48;178;80;x;x
2405;231;54;6;x;x
2406;31;185;58;x;x
2407;214;80;169;x;x
2408;77;140;45;x;x
2409;40;16;209;x;x
2410;36;55;240;x;x
2411;211;155;193;x;x
2412;248;48;174;x;x
2413;9;117;4;x;x
2414;119;179;181;x;x
2415;159;228;106;x;x
2416;34;229;193;x;x
2417;114;146;123;x;x
2418;135;184;115;x;x
2419;34;51;255;x;x
2420;44;39;58;x;x
2421;213;135;170;x;x
2422;137;175;45;x;x
2423;128;244;123;x;x
2424;86;54;170;x;x
2425;195;224;212;x;x
2426;78;88;144;x;x
2427;90;168;245;x;x
2428;56;92;34;x;x
2429;117;6;87;x;x
2430;109;104;251;x;x
2431;3;236;194;x;x
2432;197;83;55;x;x
2433;215;141;107;x;x
2434;192;219;99;x;x
2435;137;251;155;x;x
2436;100;235;77;x;x
2437;159;60;72;x;x
2438;27;120;235;x;x
2439;36;140;174;x;x
2440;220;12;42;x;x
2441;198;76;237;x;x
2442;205;131;105;x;x
2443;230;209;148;x;x
2444;12;244;203;x;x
2445;97;46;56;x;x
2446;134;124;217;x;x
2447;36;153;18;x;x
2448;87;220;95;x;x
2449;184;245;65;x;x
2450;3;242;71;x;x
2451;169;13;189;x;x
2452;117;162;129;x;x
2453;238;226;197;x;x
2454;243;191;27;x;x
2455;158;38;190;x;x
2456;137;143;163;x;x
2457;49;185;252;x;x
2458;193;94;200;x;x
2459;169;37;216;x;x
2460;64;195;188;x;x
2461;184;218;246;x;x
2462;214;33;127;x;x
2463;183;182;166;x;x
2464;156;155;200;x;x
2465;202;244;133;x;x
2466;184;170;53;x;x
2467;131;37;145;x;x
2468;131;254;57;x;x
2469;201;194;197;x;x
2470;90;195;14;x;x
2471;131;215;156;x;x
2472;6;171;232;x;x
2473;185;243;226;x;x
2474;249;157;102;x;x
2475;59;190;22;x;x
2476;102;227;51;x;x
2477;150;198;147;x;x
2478;91;117;248;x;x
2479;4;198;69;x;x
2480;115;110;16;x;x
2481;33;41;157;x;x
2482;169;174;190;x;x
2483;16;27;148;x;x
2484;119;215;147;x;x
2485;52;207;194;x;x
2486;245;120;172;x;x
2487;172;130;217;x;x
2488;162;132;0;x;x
2489;169;182;26;x;x
2490;213;199;38;x;x
2491;231;42;117;x;x
2492;4;113;67;x;x
2493;51;239;230;x;x
2494;217;17;208;x;x
2495;18;133;41;x;x
2496;134;97;211;x;x
2497;126;29;72;x;x
2498;147;23;127;x;x
2499;54;135;57;x;x
2500;53;156;206;x;x
2501;72;242;158;x;x
2502;207;103;28;x;x
2503;67;240;145;x;x
2504;146;200;217;x;x
2505;29;137;111;x;x
2506;201;118;30;x;x
2507;90;33;91;x;x
2508;254;127;244;x;x
2509;107;34;5;x;x
2510;108;121;89;x;x
2511;9;225;121;x;x
2512;46;88;96;x;x
2513;141;115;107;x;x
2514;1;196;143;x;x
2515;105;197;216;x;x
2516;18;191;69;x;x
2517;154;46;215;x;x
2518;90;254;108;x;x
2519;162;41;220;x;x
2520;254;164;52;x;x
2521;180;16;71;x;x
2522;155;225;65;x;x
2523;186;167;103;x;x
2524;62;83;122;x;x
2525;110;59;8;x;x
2526;193;35;195;x;x
2527;8;135;200;x;x
2528;43;143;68;x;x
2529;201;209;222;x;x
2530;121;192;75;x;x
2531;35;113;164;x;x
2532;0;143;246;x;x
2533;130;109;199;x;x
2534;155;145;0;x;x
2535;216;19;121;x;x
2536;90;86;52;x;x
2537;168;127;199;x;x
2538;188;101;126;x;x
2539;180;103;117;x;x
2540;28;32;162;x;x
2541;37;178;13;x;x
2542;143;103;10;x;x
2543;164;60;226;x;x
2544;72;191;212;x;x
2545;140;178;223;x;x
2546;12;236;60;x;x
2547;224;205;138;x;x
2548;229;66;184;x;x
2549;205;77;94;x;x
2550;63;220;254;x;x
2551;246;77;236;x;x
2552;14;5;82;x;x
2553;58;154;157;x;x
2554;28;190;28;x;x
2555;96;218;154;x;x
2556;106;119;77;x;x
2557;23;14;157;x;x
2558;222;217;210;x;x
2559;7;73;254;x;x
2560;64;3;104;x;x
2561;42;12;81;x;x
2562;112;60;37;x;x
2563;184;212;45;x;x
2564;199;93;49;x;x
2565;117;104;14;x;x
2566;80;67;26;x;x
2567;206;5;168;x;x
2568;216;4;7;x;x
2569;237;134;246;x;x
2570;0;243;163;x;x
2571;58;199;159;x;x
2572;77;154;115;x;x
2573;124;246;227;x;x
2574;80;163;21;x;x
2575;28;219;162;x;x
2576;96;204;42;x;x
2577;100;249;221;x;x
2578;168;225;51;x;x
2579;25;39;7;x;x
2580;214;210;73;x;x
2581;51;188;219;x;x
2582;218;112;68;x;x
2583;67;7;0;x;x
2584;233;43;218;x;x
2585;230;198;209;x;x
2586;22;154;30;x;x
2587;7;114;154;x;x
2588;179;118;242;x;x
2589;148;130;206;x;x
2590;187;233;8;x;x
2591;163;16;161;x;x
2592;75;55;193;x;x
2593;74;60;55;x;x
2594;203;236;92;x;x
2595;213;180;229;x;x
2596;137;120;238;x;x
2597;192;118;217;x;x
2598;104;37;55;x;x
2599;15;39;209;x;x
2600;206;11;129;x;x
2601;225;174;152;x;x
2602;245;199;105;x;x
2603;59;180;198;x;x
2604;97;147;172;x;x
2605;44;129;102;x;x
2606;129;159;171;x;x
2607;13;155;132;x;x
2608;177;226;111;x;x
2609;78;138;132;x;x
2610;66;255;238;x;x
2611;201;224;160;x;x
2612;5;204;1;x;x
2613;237;186;151;x;x
2614;201;150;60;x;x
2615;119;201;7;x;x
2616;23;106;48;x;x
2617;102;153;13;x;x
2618;39;222;68;x;x
2619;199;147;72;x;x
2620;220;82;236;x;x
2621;127;4;191;x;x
2622;59;165;223;x;x
2623;197;211;8;x;x
2624;38;108;1;x;x
2625;248;8;160;x;x
2626;115;18;242;x;x
2627;121;149;134;x;x
2628;184;117;130;x;x
2629;172;171;75;x;x
2630;61;216;80;x;x
2631;75;50;60;x;x
2632;237;164;19;x;x
2633;194;80;137;x;x
2634;239;53;87;x;x
2635;76;233;144;x;x
2636;78;79;42;x;x
2637;72;33;21;x;x
2638;56;51;163;x;x
2639;79;113;32;x;x
2640;61;186;95;x;x
2641;182;88;35;x;x
2642;66;191;53;x;x
2643;32;157;198;x;x
2644;25;242;140;x;x
2645;237;177;80;x;x
2646;12;250;118;x;x
2647;120;10;106;x;x
2648;129;60;142;x;x
2649;86;138;52;x;x
2650;94;239;147;x;x
2651;75;82;74;x;x
2652;110;149;54;x;x
2653;73;117;216;x;x
2654;15;131;1;x;x
2655;59;185;81;x;x
2656;16;241;103;x;x
2657;2;129;54;x;x
2658;129;227;16;x;x
2659;16;192;12;x;x
2660;16;216;15;x;x
2661;188;118;23;x;x
2662;176;151;187;x;x
2663;132;37;77;x;x
2664;159;104;106;x;x
2665;63;127;222;x;x
2666;61;39;88;x;x
2667;122;23;172;x;x
2668;98;219;92;x;x
2669;218;62;62;x;x
2670;160;242;80;x;x
2671;139;199;69;x;x
2672;35;2;204;x;x
2673;205;141;115;x;x
2674;209;37;45;x;x
2675;55;70;248;x;x
2676;93;24;110;x;x
2677;106;121;208;x;x
2678;47;209;221;x;x
2679;238;241;165;x;x
2680;79;12;4;x;x
2681;111;216;119;x;x
2682;115;73;86;x;x
2683;11;29;129;x;x
2684;1;77;4;x;x
2685;196;194;231;x;x
2686;110;7;156;x;x
2687;29;142;115;x;x
2688;186;240;155;x;x
2689;255;34;244;x;x
2690;197;125;175;x;x
2691;163;122;46;x;x
2692;221;178;237;x;x
2693;50;144;120;x;x
2694;110;50;19;x;x
2695;60;157;10;x;x
2696;0;34;163;x;x
2697;248;165;81;x;x
2698;207;194;17;x;x
2699;168;114;175;x;x
2700;228;110;91;x;x
2701;136;44;162;x;x
2702;217;11;178;x;x
2703;38;199;28;x;x
2704;135;112;80;x;x
2705;31;92;106;x;x
2706;116;127;230;x;x
2707;118;174;34;x;x
2708;127;24;105;x;x
2709;47;105;117;x;x
2710;69;83;163;x;x
2711;154;56;42;x;x
2712;174;177;225;x;x
2713;223;45;123;x;x
2714;88;231;170;x;x
2715;91;242;201;x;x
2716;145;198;127;x;x
2717;13;8;143;x;x
2718;228;61;26;x;x
2719;244;129;33;x;x
2720;73;88;1;x;x
2721;198;178;185;x;x
2722;198;163;103;x;x
2723;71;55;8;x;x
2724;141;46;104;x;x
2725;135;61;84;x;x
2726;1;20;191;x;x
2727;2;163;39;x;x
2728;144;112;41;x;x
2729;192;154;125;x;x
2730;126;216;215;x;x
2731;25;19;251;x;x
2732;196;64;73;x;x
2733;106;173;87;x;x
2734;164;255;152;x;x
2735;241;165;182;x;x
2736;231;25;128;x;x
2737;167;182;245;x;x
2738;80;180;123;x;x
2739;18;206;209;x;x
2740;109;51;65;x;x
2741;170;248;168;x;x
2742;248;245;92;x;x
2743;120;76;97;x;x
2744;124;111;163;x;x
2745;171;233;163;x;x
2746;61;122;243;x;x
2747;215;20;152;x;x
2748;34;41;91;x;x
2749;131;32;114;x;x
2750;226;203;217;x;x
2751;70;64;137;x;x
2752;201;233;74;x;x
2753;86;201;122;x;x
2754;15;137;214;x;x
2755;115;120;127;x;x
2756;5;143;133;x;x
2757;12;19;14;x;x
2758;64;234;42;x;x
2759;199;52;243;x;x
2760;34;231;107;x;x
2761;65;84;75;x;x
2762;87;204;193;x;x
2763;69;206;48;x;x
2764;125;52;170;x;x
2765;19;162;83;x;x
2766;107;146;195;x;x
2767;254;79;206;x;x
2768;130;190;8;x;x
2769;220;177;91;x;x
2770;227;41;24;x;x
2771;98;29;189;x;x
2772;178;252;241;x;x
2773;39;38;117;x;x
2774;199;86;218;x;x
2775;217;149;176;x;x
2776;63;129;23;x;x
2777;228;224;14;x;x
2778;224;73;42;x;x
2779;6;111;184;x;x
2780;13;11;114;x;x
2781;234;180;33;x;x
2782;141;162;45;x;x
2783;218;255;6;x;x
2784;159;84;179;x;x
2785;50;74;45;x;x
2786;246;182;35;x;x
2787;144;245;75;x;x
2788;63;140;65;x;x
2789;137;231;229;x;x
2790;225;218;49;x;x
2791;246;229;49;x;x
2792;154;231;174;x;x
2793;105;204;11;x;x
2794;203;118;224;x;x
2795;154;178;176;x;x
2796;179;54;109;x;x
2797;95;216;192;x;x
2798;121;214;205;x;x
2799;129;135;27;x;x
2800;233;60;250;x;x
2801;125;61;226;x;x
2802;139;58;70;x;x
2803;176;251;90;x;x
2804;17;103;89;x;x
2805;201;141;212;x;x
2806;124;71;2;x;x
2807;145;180;50;x;x
2808;0;215;154;x;x
2809;196;35;32;x;x
2810;115;159;142;x;x
2811;6;9;243;x;x
2812;121;60;123;x;x
2813;227;132;237;x;x
2814;223;136;26;x;x
2815;208;195;3;x;x
2816;129;235;62;x;x
2817;141;76;125;x;x
2818;103;210;158;x;x
2819;250;22;151;x;x
2820;120;168;162;x;x
2821;253;113;205;x;x
2822;211;204;144;x;x
2823;174;242;136;x;x
2824;155;238;101;x;x
2825;25;15;159;x;x
2826;207;162;14;x;x
2827;243;243;168;x;x
2828;110;54;202;x;x
2829;158;245;123;x;x
2830;49;141;219;x;x
2831;148;52;194;x;x
2832;47;120;27;x;x
2833;56;246;71;x;x
2834;238;155;225;x;x
2835;47;12;35;x;x
2836;15;239;70;x;x
2837;8;76;183;x;x
2838;81;113;211;x;x
2839;224;230;35;x;x
2840;128;24;248;x;x
2841;105;143;178;x;x
2842;248;201;10;x;x
2843;139;194;113;x;x
2844;89;101;92;x;x
2845;141;126;14;x;x
2846;234;20;222;x;x
2847;197;101;159;x;x
2848;124;154;97;x;x
2849;92;156;31;x;x
2850;168;225;170;x;x
2851;56;182;136;x;x
2852;143;67;128;x;x
2853;222;153;182;x;x
2854;81;22;184;x;x
2855;120;55;85;x;x
2856;86;120;96;x;x
2857;10;40;128;x;x
2858;122;67;160;x;x
2859;33;132;201;x;x
2860;100;230;223;x;x
2861;79;197;164;x;x
2862;19;114;203;x;x
2863;235;204;85;x;x
2864;138;236;190;x;x
2865;121;215;142;x;x
2866;235;92;23;x;x
2867;247;42;189;x;x
2868;105;201;89;x;x
2869;208;216;23;x;x
2870;234;165;229;x;x
2871;62;35;156;x;x
2872;64;117;60;x;x
2873;193;173;96;x;x
2874;142;5;51;x;x
2875;35;211;107;x;x
2876;88;162;219;x;x
2877;10;94;79;x;x
2878;226;28;58;x;x
2879;192;68;101;x;x
2880;176;91;28;x;x
2881;194;253;173;x;x
2882;157;149;75;x;x
2883;155;107;173;x;x
2884;113;73;31;x;x
2885;235;56;120;x;x
2886;251;44;84;x;x
2887;179;249;217;x;x
2888;204;155;11;x;x
2889;43;97;34;x;x
2890;237;190;120;x;x
2891;76;100;141;x;x
2892;11;45;242;x;x
2893;230;113;127;x;x
2894;170;119;159;x;x
2895;4;16;64;x;x
2896;179;167;29;x;x
2897;56;181;235;x;x
2898;131;77;34;x;x
2899;222;105;171;x;x
2900;133;2;147;x;x
2901;3;132;78;x;x
2902;223;42;35;x;x
2903;178;135;108;x;x
2904;190;214;20;x;x
2905;2;62;187;x;x
2906;34;184;47;x;x
2907;163;225;70;x;x
2908;42;48;224;x;x
2909;128;165;145;x;x
2910;242;212;184;x;x
2911;0;235;138;x;x
2912;13;123;185;x;x
2913;231;13;70;x;x
2914;37;118;225;x;x
2915;20;201;50;x;x
2916;229;15;241;x;x
2917;103;147;79;x;x
2918;137;73;26;x;x
2919;200;243;18;x;x
2920;163;201;114;x;x
2921;4;51;242;x;x
2922;62;165;228;x;x
2923;8;187;46;x;x
2924;21;216;2;x;x
2925;140;51;17;x;x
2926;15;104;109;x;x
2927;144;26;114;x;x
2928;26;14;154;x;x
2929;33;195;133;x;x
2930;248;143;135;x;x
2931;197;187;119;x;x
2932;141;176;99;x;x
2933;217;205;129;x;x
2934;21;41;181;x;x
2935;40;192;205;x;x
2936;103;223;235;x;x
2937;39;169;23;x;x
2938;166;177;8;x;x
2939;118;4;21;x;x
2940;243;247;96;x;x
2941;34;65;236;x;x
2942;70;161;126;x;x
2943;40;251;239;x;x
2944;182;81;67;x;x
2945;227;205;117;x;x
2946;94;68;175;x;x
2947;187;121;106;x;x
2948;9;110;223;x;x
2949;185;230;8;x;x
2950;130;176;48;x;x
2951;104;219;165;x;x
2952;108;55;66;x;x
2953;61;70;102;x;x
2954;15;128;216;x;x
2955;9;79;184;x;x
2956;44;162;1;x;x
2957;240;57;35;x;x
2958;83;92;111;x;x
2959;108;65;171;x;x
2960;188;98;9;x;x
2961;242;140;46;x;x
2962;118;227;114;x;x
2963;228;40;62;x;x
2964;184;63;6;x;x
2965;246;21;252;x;x
2966;168;89;161;x;x
2967;184;139;128;x;x
2968;24;6;58;x;x
2969;218;255;251;x;x
2970;56;225;167;x;x
2971;213;236;139;x;x
2972;147;253;87;x;x
2973;91;231;94;x;x
2974;57;125;70;x;x
2975;171;126;223;x;x
2976;70;55;216;x;x
2977;84;254;164;x;x
2978;131;146;122;x;x
2979;37;52;226;x;x
2980;76;254;165;x;x
2981;196;4;153;x;x
2982;149;255;255;x;x
2983;201;127;241;x;x
2984;8;114;218;x;x
2985;209;55;217;x;x
2986;240;234;241;x;x
2987;96;139;237;x;x
2988;220;189;82;x;x
2989;148;186;64;x;x
2990;126;13;155;x;x
2991;250;233;244;x;x
2992;119;95;102;x;x
2993;120;85;135;x;x
2994;249;232;113;x;x
2995;162;18;139;x;x
2996;120;197;148;x;x
2997;157;69;205;x;x
2998;76;125;86;x;x
2999;86;3;196;x;x
3000;142;9;152;x;x
3001;126;241;251;x;x
3002;52;178;205;x;x
3003;150;123;74;x;x
3004;183;4;222;x;x
3005;197;180;96;x;x
3006;134;58;77;x;x
3007;247;39;183;x;x
3008;86;254;63;x;x
3009;220;105;157;x;x
3010;98;196;171;x;x
3011;91;115;22;x;x
3012;7;56;23;x;x
3013;41;67;135;x;x
3014;198;114;249;x;x
3015;80;223;104;x;x
3016;17;238;107;x;x
3017;7;254;133;x;x
3018;151;187;59;x;x
3019;12;161;211;x;x
3020;50;216;253;x;x
3021;16;13;140;x;x
3022;84;140;212;x;x
3023;79;217;18;x;x
3024;83;60;14;x;x
3025;36;80;224;x;x
3026;22;50;233;x;x
3027;131;70;9;x;x
3028;134;255;87;x;x
3029;73;68;60;x;x
3030;43;135;130;x;x
3031;235;153;143;x;x
3032;21;155;97;x;x
3033;15;82;75;x;x
3034;105;179;9;x;x
3035;51;64;230;x;x
3036;122;207;150;x;x
3037;133;102;210;x;x
3038;140;242;174;x;x
3039;23;194;108;x;x
3040;173;173;60;x;x
3041;207;51;194;x;x
3042;197;9;90;x;x
3043;51;172;47;x;x
3044;252;222;136;x;x
3045;251;199;10;x;x
3046;109;122;89;x;x
3047;169;207;232;x;x
3048;202;72;172;x;x
3049;127;7;181;x;x
3050;228;198;118;x;x
3051;170;82;236;x;x
3052;112;200;183;x;x
3053;83;230;223;x;x
3054;81;246;139;x;x
3055;95;95;152;x;x
3056;124;25;112;x;x
3057;147;178;168;x;x
3058;90;62;76;x;x
3059;4;145;191;x;x
3060;88;177;86;x;x
3061;164;152;153;x;x
3062;115;112;238;x;x
3063;35;173;97;x;x
3064;31;14;210;x;x
3065;141;43;98;x;x
3066;175;185;185;x;x
3067;18;114;64;x;x
3068;84;19;37;x;x
3069;1;135;188;x;x
3070;55;96;179;x;x
3071;209;128;217;x;x
3072;240;225;163;x;x
3073;17;33;119;x;x
3074;120;112;74;x;x
3075;165;60;50;x;x
3076;255;220;45;x;x
3077;106;138;32;x;x
3078;183;246;61;x;x
3079;150;32;11;x;x
3080;9;89;204;x;x
3081;30;3;237;x;x
3082;72;93;125;x;x
3083;6;127;106;x;x
3084;90;40;43;x;x
3085;67;30;82;x;x
3086;246;129;190;x;x
3087;97;68;235;x;x
3088;55;121;64;x;x
3089;139;85;148;x;x
3090;231;66;156;x;x
3091;251;143;191;x;x
3092;44;255;61;x;x
3093;170;233;55;x;x
3094;163;144;231;x;x
3095;107;184;248;x;x
3096;196;77;138;x;x
3097;185;9;185;x;x
3098;24;122;175;x;x
3099;7;31;166;x;x
3100;50;181;61;x;x
3101;59;11;171;x;x
3102;139;134;100;x;x
3103;101;112;13;x;x
3104;35;126;86;x;x
3105;107;202;186;x;x
3106;231;0;55;x;x
3107;65;175;3;x;x
3108;156;26;13;x;x
3109;39;174;123;x;x
3110;225;197;139;x;x
3111;156;219;60;x;x
3112;90;175;46;x;x
3113;160;36;140;x;x
3114;141;223;196;x;x
3115;53;227;166;x;x
3116;86;74;120;x;x
3117;159;237;27;x;x
3118;92;202;192;x;x
3119;89;154;34;x;x
3120;26;102;82;x;x
3121;216;196;54;x;x
3122;197;104;35;x;x
3123;156;230;152;x;x
3124;202;155;198;x;x
3125;29;243;155;x;x
3126;128;222;101;x;x
3127;31;46;47;x;x
3128;16;56;247;x;x
3129;235;243;117;x;x
3130;150;15;216;x;x
3131;176;142;145;x;x
3132;187;251;136;x;x
3133;235;161;240;x;x
3134;133;135;189;x;x
3135;170;69;5;x;x
3136;156;70;32;x;x
3137;164;139;200;x;x
3138;93;253;77;x;x
3139;188;211;169;x;x
3140;12;66;158;x;x
3141;193;39;18;x;x
3142;86;72;107;x;x
3143;249;175;102;x;x
3144;101;77;151;x;x
3145;26;7;210;x;x
3146;15;165;93;x;x
3147;144;189;50;x;x
3148;67;225;91;x;x
3149;184;23;4;x;x
3150;240;79;126;x;x
3151;132;229;34;x;x
3152;233;213;104;x;x
3153;28;77;40;x;x
3154;84;104;49;x;x
3155;221;227;203;x;x
3156;6;34;165;x;x
3157;131;78;27;x;x
3158;49;155;193;x;x
3159;210;200;57;x;x
3160;153;206;149;x;x
3161;248;39;54;x;x
3162;125;102;179;x;x
3163;214;162;128;x;x
3164;186;89;114;x;x
3165;83;108;159;x;x
3166;175;118;193;x;x
3167;63;151;187;x;x
3168;37;42;58;x;x
3169;49;83;231;x;x
3170;156;221;164;x;x
3171;120;75;134;x;x
3172;30;167;163;x;x
3173;254;45;126;x;x
3174;234;173;92;x;x
3175;135;16;131;x;x
3176;205;182;138;x;x
3177;112;243;128;x;x
3178;205;112;235;x;x
3179;158;179;220;x;x
3180;80;180;43;x;x
3181;161;76;184;x;x
3182;12;16;116;x;x
3183;127;255;58;x;x
3184;148;251;245;x;x
3185;188;44;204;x;x
3186;149;167;118;x;x
3187;254;41;78;x;x
3188;0;85;249;x;x
3189;66;220;88;x;x
3190;173;113;42;x;x
3191;143;85;136;x;x
3192;235;63;125;x;x
3193;242;197;67;x;x
3194;242;204;151;x;x
3195;222;71;209;x;x
3196;86;0;14;x;x
3197;106;60;253;x;x
3198;219;212;94;x;x
3199;226;150;213;x;x
3200;118;119;91;x;x
3201;163;48;251;x;x
3202;200;37;95;x;x
3203;160;237;127;x;x
3204;86;158;187;x;x
3205;43;57;86;x;x
3206;82;11;47;x;x
3207;15;219;219;x;x
3208;82;188;229;x;x
3209;251;49;102;x;x
3210;181;8;243;x;x
3211;67;246;241;x;x
3212;0;242;248;x;x
3213;2;252;2;x;x
3214;101;134;103;x;x
3215;232;129;62;x;x
3216;210;21;230;x;x
3217;25;10;57;x;x
3218;160;175;133;x;x
3219;86;153;111;x;x
3220;40;68;49;x;x
3221;204;169;16;x;x
3222;102;32;74;x;x
3223;221;81;30;x;x
3224;249;228;23;x;x
3225;64;97;50;x;x
3226;247;8;70;x;x
3227;98;36;134;x;x
3228;72;113;195;x;x
3229;100;214;66;x;x
3230;130;247;149;x;x
3231;79;100;129;x;x
3232;135;237;223;x;x
3233;115;177;139;x;x
3234;56;249;180;x;x
3235;135;94;228;x;x
3236;230;75;185;x;x
3237;10;63;209;x;x
3238;196;27;69;x;x
3239;11;124;121;x;x
3240;172;72;242;x;x
3241;255;227;223;x;x
3242;218;77;18;x;x
3243;108;204;65;x;x
3244;203;158;253;x;x
3245;182;32;156;x;x
3246;173;71;227;x;x
3247;15;193;126;x;x
3248;109;138;112;x;x
3249;199;58;187;x;x
3250;230;218;236;x;x
3251;64;172;226;x;x
3252;74;19;173;x;x
3253;156;90;223;x;x
3254;103;42;55;x;x
3255;84;126;54;x;x
3256;143;127;252;x;x
3257;191;159;43;x;x
3258;67;106;82;x;x
3259;89;72;72;x;x
3260;15;17;45;x;x
3261;179;60;63;x;x
3262;16;222;51;x;x
3263;53;191;134;x;x
3264;94;146;134;x;x
3265;204;65;140;x;x
3266;55;196;28;x;x
3267;115;201;225;x;x
3268;4;140;105;x;x
3269;133;136;145;x;x
3270;90;183;131;x;x
3271;170;113;90;x;x
3272;240;45;53;x;x
3273;118;175;165;x;x
3274;125;75;87;x;x
3275;233;159;103;x;x
3276;161;163;210;x;x
3277;79;11;228;x;x
3278;183;8;236;x;x
3279;185;202;174;x;x
3280;69;105;83;x;x
3281;28;213;246;x;x
3282;216;223;46;x;x
3283;137;65;1;x;x
3284;120;225;101;x;x
3285;95;25;239;x;x
3286;2;62;250;x;x
3287;129;55;120;x;x
3288;77;190;206;x;x
3289;229;220;143;x;x
3290;225;111;25;x;x
3291;16;9;158;x;x
3292;244;215;74;x;x
3293;228;119;218;x;x
3294;209;48;168;x;x
3295;105;172;171;x;x
3296;246;117;68;x;x
3297;213;100;104;x;x
3298;125;118;130;x;x
3299;168;131;40;x;x
3300;238;47;245;x;x
3301;156;132;201;x;x
3302;109;156;148;x;x
3303;128;104;139;x;x
3304;89;207;96;x;x
3305;130;116;110;x;x
3306;231;201;19;x;x
3307;113;114;165;x;x
3308;46;154;94;x;x
3309;72;29;144;x;x
3310;94;57;23;x;x
3311;84;51;93;x;x
3312;93;193;52;x;x
3313;189;197;184;x;x
3314;136;156;86;x;x
3315;40;127;210;x;x
3316;124;108;37;x;x
3317;194;128;61;x;x
3318;74;98;230;x;x
3319;255;29;172;x;x
3320;144;41;136;x;x
3321;79;225;149;x;x
3322;220;232;223;x;x
3323;99;70;167;x;x
3324;89;199;109;x;x
3325;220;167;53;x;x
3326;30;41;17;x;x
3327;159;185;84;x;x
3328;205;228;4;x;x
3329;136;34;106;x;x
3330;148;134;126;x;x
3331;138;87;60;x;x
3332;193;134;250;x;x
3333;104;4;232;x;x
3334;135;156;25;x;x
3335;135;0;251;x;x
3336;21;166;167;x;x
3337;150;205;220;x;x
3338;119;15;6;x;x
3339;50;34;169;x;x
3340;227;26;59;x;x
3341;239;98;214;x;x
3342;24;111;237;x;x
3343;102;171;37;x;x
3344;20;177;93;x;x
3345;68;156;210;x;x
3346;60;113;165;x;x
3347;219;115;141;x;x
3348;109;18;197;x;x
3349;25;168;147;x;x
3350;205;231;197;x;x
3351;144;163;222;x;x
3352;105;82;21;x;x
3353;112;8;65;x;x
3354;57;124;113;x;x
3355;4;12;232;x;x
3356;221;29;61;x;x
3357;153;12;218;x;x
3358;153;200;17;x;x
3359;164;49;58;x;x
3360;117;27;169;x;x
3361;15;132;7;x;x
3362;78;227;83;x;x
3363;95;158;187;x;x
3364;86;1;245;x;x
3365;71;213;209;x;x
3366;1;138;213;x;x
3367;209;198;157;x;x
3368;50;105;217;x;x
3369;174;248;169;x;x
3370;143;59;54;x;x
3371;56;72;156;x;x
3372;33;173;220;x;x
3373;91;174;101;x;x
3374;129;220;88;x;x
3375;138;169;178;x;x
3376;131;179;42;x;x
3377;70;100;220;x;x
3378;238;207;42;x;x
3379;239;87;240;x;x
3380;173;112;11;x;x
3381;86;239;25;x;x
3382;114;196;161;x;x
3383;126;178;185;x;x
3384;164;233;238;x;x
3385;255;140;108;x;x
3386;117;251;50;x;x
3387;12;110;37;x;x
3388;86;148;165;x;x
3389;40;33;255;x;x
3390;178;3;206;x;x
3391;128;207;177;x;x
3392;199;98;33;x;x
3393;253;106;120;x;x
3394;188;148;5;x;x
3395;229;241;49;x;x
3396;250;5;95;x;x
3397;252;159;233;x;x
3398;241;83;56;x;x
3399;45;39;159;x;x
3400;182;48;223;x;x
3401;244;23;133;x;x
3402;225;19;225;x;x
3403;101;134;28;x;x
3404;200;177;52;x;x
3405;103;39;107;x;x
3406;160;195;51;x;x
3407;236;44;194;x;x
3408;111;108;215;x;x
3409;61;75;121;x;x
3410;59;90;52;x;x
3411;158;82;9;x;x
3412;146;2;187;x;x
3413;138;115;53;x;x
3414;207;225;251;x;x
3415;176;54;81;x;x
3416;189;73;81;x;x
3417;206;155;179;x;x
3418;62;44;137;x;x
3419;234;171;202;x;x
3420;213;67;239;x;x
3421;216;25;16;x;x
3422;188;181;228;x;x
3423;180;239;26;x;x
3424;103;26;169;x;x
3425;234;140;199;x;x
3426;129;166;108;x;x
3427;238;122;119;x;x
3428;8;169;67;x;x
3429;36;198;252;x;x
3430;226;36;154;x;x
3431;168;92;65;x;x
3432;246;76;44;x;x
3433;126;147;252;x;x
3434;98;205;49;x;x
3435;43;74;61;x;x
3436;69;54;164;x;x
3437;109;51;158;x;x
3438;24;244;235;x;x
3439;1;177;196;x;x
3440;20;63;182;x;x
3441;136;141;126;x;x
3442;120;147;132;x;x
3443;59;63;163;x;x
3444;219;2;139;x;x
3445;207;107;157;x;x
3446;22;221;123;x;x
3447;225;136;91;x;x
3448;75;185;8;x;x
3449;50;81;119;x;x
3450;153;217;65;x;x
3451;44;187;179;x;x
3452;13;98;135;x;x
3453;239;142;125;x;x
3454;184;78;172;x;x
3455;144;122;93;x;x
3456;205;74;102;x;x
3457;95;139;36;x;x
3458;219;77;214;x;x
3459;255;206;26;x;x
3460;224;254;151;x;x
3461;93;218;211;x;x
3462;44;228;94;x;x
3463;101;160;35;x;x
3464;132;76;194;x;x
3465;81;243;192;x;x
3466;147;233;120;x;x
3467;36;219;216;x;x
3468;177;113;232;x;x
3469;164;141;221;x;x
3470;100;74;104;x;x
3471;45;70;254;x;x
3472;188;196;156;x;x
3473;146;57;117;x;x
3474;20;109;25;x;x
3475;55;102;23;x;x
3476;141;228;169;x;x
3477;227;1;147;x;x
3478;77;65;130;x;x
3479;20;229;118;x;x
3480;149;101;194;x;x
3481;234;38;92;x;x
3482;244;190;156;x;x
3483;153;139;201;x;x
3484;152;35;19;x;x
3485;240;99;186;x;x
3486;29;83;96;x;x
3487;157;210;55;x;x
3488;175;146;110;x;x
3489;47;218;92;x;x
3490;190;38;57;x;x
3491;77;251;146;x;x
3492;255;91;40;x;x
3493;232;143;182;x;x
3494;43;248;231;x;x
3495;67;27;112;x;x
3496;98;246;121;x;x
3497;26;127;160;x;x
3498;162;188;146;x;x
3499;101;212;96;x;x
3500;53;237;122;x;x
3501;3;64;249;x;x
3502;65;161;221;x;x
3503;57;168;136;x;x
3504;183;208;125;x;x
3505;225;35;106;x;x
3506;128;109;249;x;x
3507;146;62;123;x;x
3508;127;166;95;x;x
3509;3;85;219;x;x
3510;126;220;211;x;x
3511;62;253;47;x;x
3512;8;43;14;x;x
3513;152;124;141;x;x
3514;200;87;173;x;x
3515;58;238;168;x;x
3516;122;85;166;x;x
3517;154;50;182;x;x
3518;22;84;63;x;x
3519;117;143;238;x;x
3520;58;62;165;x;x
3521;147;23;28;x;x
3522;22;41;102;x;x
3523;154;119;7;x;x
3524;181;240;15;x;x
3525;181;226;147;x;x
3526;208;198;117;x;x
3527;15;231;157;x;x
3528;27;181;196;x;x
3529;229;202;141;x;x
3530;25;251;113;x;x
3531;139;194;50;x;x
3532;179;155;214;x;x
3533;244;227;45;x;x
3534;125;184;96;x;x
3535;154;77;37;x;x
3536;42;77;128;x;x
3537;63;38;77;x;x
3538;182;25;214;x;x
3539;150;255;183;x;x
3540;83;153;189;x;x
3541;145;185;74;x;x
3542;62;93;190;x;x
3543;194;20;167;x;x
3544;92;220;128;x;x
3545;31;55;192;x;x
3546;138;175;234;x;x
3547;114;134;81;x;x
3548;133;21;149;x;x
3549;145;164;66;x;x
3550;11;213;157;x;x
3551;223;173;53;x;x
3552;131;25;205;x;x
3553;238;222;112;x;x
3554;0;221;223;x;x
3555;135;158;248;x;x
3556;32;80;108;x;x
3557;53;242;73;x;x
3558;7;65;213;x;x
3559;162;231;25;x;x
3560;147;65;124;x;x
3561;189;92;55;x;x
3562;39;141;146;x;x
3563;49;97;197;x;x
3564;38;16;62;x;x
3565;223;95;79;x;x
3566;94;247;164;x;x
3567;122;116;175;x;x
3568;79;212;249;x;x
3569;71;45;135;x;x
3570;184;203;104;x;x
3571;225;182;207;x;x
3572;18;39;94;x;x
3573;238;108;179;x;x
3574;51;107;11;x;x
3575;212;55;77;x;x
3576;0;2;11;x;x
3577;184;197;230;x;x
3578;217;140;253;x;x
3579;84;128;13;x;x
3580;21;218;80;x;x
3581;192;80;228;x;x
3582;7;165;85;x;x
3583;117;160;174;x;x
3584;215;90;225;x;x
3585;122;121;180;x;x
3586;116;159;91;x;x
3587;91;148;6;x;x
3588;233;91;210;x;x
3589;184;148;20;x;x
3590;28;165;26;x;x
3591;126;158;204;x;x
3592;150;211;143;x;x
3593;126;143;88;x;x
3594;218;8;51;x;x
3595;11;10;129;x;x
3596;116;176;19;x;x
3597;119;201;19;x;x
3598;34;233;35;x;x
3599;71;178;243;x;x
3600;202;205;210;x;x
3601;33;150;172;x;x
3602;69;29;134;x;x
3603;160;84;161;x;x
3604;2;214;221;x;x
3605;198;72;239;x;x
3606;9;14;69;x;x
3607;89;236;204;x;x
3608;67;181;89;x;x
3609;233;168;100;x;x
3610;218;3;93;x;x
3611;189;100;5;x;x
3612;91;108;90;x;x
3613;163;99;149;x;x
3614;5;240;24;x;x
3615;107;252;247;x;x
3616;163;100;80;x;x
3617;6;129;53;x;x
3618;8;89;120;x;x
3619;33;251;101;x;x
3620;137;56;53;x;x
3621;22;36;247;x;x
3622;235;144;249;x;x
3623;42;72;53;x;x
3624;23;217;144;x;x
3625;70;45;184;x;x
3626;255;150;181;x;x
3627;191;11;65;x;x
3628;195;209;97;x;x
3629;128;78;137;x;x
3630;99;82;242;x;x
3631;61;96;11;x;x
3632;102;70;93;x;x
3633;134;49;25;x;x
3634;142;118;45;x;x
3635;37;82;75;x;x
3636;152;67;154;x;x
3637;36;21;14;x;x
3638;220;223;14;x;x
3639;76;230;11;x;x
3640;199;19;141;x;x
3641;190;195;128;x;x
3642;198;237;15;x;x
3643;207;206;178;x;x
3644;155;244;117;x;x
3645;199;241;180;x;x
3646;1;118;178;x;x
3647;46;142;117;x;x
3648;143;197;182;x;x
3649;188;249;208;x;x
3650;128;31;171;x;x
3651;196;242;118;x;x
3652;149;44;28;x;x
3653;177;200;2;x;x
3654;221;181;12;x;x
3655;201;180;172;x;x
3656;158;146;51;x;x
3657;141;52;175;x;x
3658;239;117;153;x;x
3659;5;31;39;x;x
3660;176;3;57;x;x
3661;81;74;19;x;x
3662;232;106;245;x;x
3663;15;81;95;x;x
3664;218;250;185;x;x
3665;161;17;108;x;x
3666;185;98;139;x;x
3667;126;191;148;x;x
3668;172;45;108;x;x
3669;56;157;196;x;x
3670;92;245;103;x;x
3671;244;201;245;x;x
3672;24;172;120;x;x
3673;198;4;166;x;x
3674;193;37;21;x;x
3675;160;189;233;x;x
3676;174;92;82;x;x
3677;230;89;155;x;x
3678;96;36;226;x;x
3679;170;217;152;x;x
3680;68;176;75;x;x
3681;95;156;248;x;x
3682;27;163;41;x;x
3683;70;114;154;x;x
3684;232;150;64;x;x
3685;219;226;137;x;x
3686;82;120;47;x;x
3687;87;167;52;x;x
3688;193;31;135;x;x
3689;194;144;183;x;x
3690;1;148;28;x;x
3691;87;77;20;x;x
3692;117;146;36;x;x
3693;128;133;72;x;x
3694;48;208;144;x;x
3695;103;60;161;x;x
3696;158;252;125;x;x
3697;112;152;64;x;x
3698;22;152;32;x;x
3699;104;156;209;x;x
3700;8;91;252;x;x
3701;32;237;70;x;x
3702;6;223;93;x;x
3703;243;159;8;x;x
3704;99;43;250;x;x
3705;105;0;242;x;x
3706;5;193;152;x;x
3707;221;42;40;x;x
3708;145;151;72;x;x
3709;42;72;249;x;x
3710;51;150;3;x;x
3711;134;32;28;x;x
3712;207;92;114;x;x
3713;77;236;233;x;x
3714;95;124;207;x;x
3715;216;46;97;x;x
3716;220;100;80;x;x
3717;36;242;42;x;x
3718;135;27;149;x;x
3719;225;97;40;x;x
3720;123;137;25;x;x
3721;117;46;169;x;x
3722;196;251;241;x;x
3723;12;4;223;x;x
3724;137;103;253;x;x
3725;27;19;197;x;x
3726;156;227;133;x;x
3727;52;243;75;x;x
3728;153;221;29;x;x
3729;158;185;164;x;x
3730;32;211;20;x;x
3731;237;203;67;x;x
3732;220;119;98;x;x
3733;101;49;146;x;x
3734;82;65;247;x;x
3735;11;223;82;x;x
3736;115;67;52;x;x
3737;121;55;194;x;x
3738;254;162;46;x;x
3739;206;136;247;x;x
3740;60;247;58;x;x
3741;79;180;1;x;x
3742;243;59;246;x;x
3743;69;218;24;x;x
3744;197;6;159;x;x
3745;9;113;62;x;x
3746;17;12;49;x;x
3747;232;183;31;x;x
3748;164;63;177;x;x
3749;213;17;86;x;x
3750;14;178;58;x;x
3751;109;255;225;x;x
3752;23;212;81;x;x
3753;225;120;229;x;x
3754;159;121;43;x;x
3755;146;234;178;x;x
3756;77;105;233;x;x
3757;216;248;15;x;x
3758;141;106;178;x;x
3759;80;189;184;x;x
3760;156;243;197;x;x
3761;113;53;99;x;x
3762;51;33;43;x;x
3763;100;98;31;x;x
3764;9;229;96;x;x
3765;94;122;139;x;x
3766;209;37;173;x;x
3767;130;224;55;x;x
3768;20;94;56;x;x
3769;71;214;95;x;x
3770;85;2;60;x;x
3771;149;182;177;x;x
3772;149;135;143;x;x
3773;109;161;84;x;x
3774;139;23;143;x;x
3775;33;206;185;x;x
3776;148;32;62;x;x
3777;59;87;13;x;x
3778;85;186;189;x;x
3779;115;60;70;x;x
3780;131;230;210;x;x
3781;136;142;226;x;x
3782;207;232;233;x;x
3783;20;171;94;x;x
3784;232;109;47;x;x
3785;39;111;70;x;x
3786;72;98;36;x;x
3787;212;82;231;x;x
3788;64;164;201;x;x
3789;29;234;119;x;x
3790;180;41;230;x;x
3791;76;249;10;x;x
3792;104;146;57;x;x
3793;87;11;143;x;x
3794;185;88;175;x;x
3795;229;40;149;x;x
3796;208;108;197;x;x
3797;171;95;72;x;x
3798;73;56;54;x;x
3799;111;105;19;x;x
3800;10;229;200;x;x
3801;53;50;49;x;x
3802;54;88;22;x;x
3803;126;97;39;x;x
3804;248;0;136;x;x
3805;124;248;6;x;x
3806;242;139;252;x;x
3807;93;89;230;x;x
3808;251;212;211;x;x
3809;171;41;248;x;x
3810;177;12;93;x;x
3811;36;70;50;x;x
3812;244;114;161;x;x
3813;251;69;130;x;x
3814;126;230;172;x;x
3815;125;216;204;x;x
3816;231;75;19;x;x
3817;132;95;180;x;x
3818;4;200;182;x;x
3819;58;47;102;x;x
3820;64;124;201;x;x
3821;230;86;165;x;x
3822;64;81;190;x;x
3823;196;78;141;x;x
3824;36;74;8;x;x
3825;217;141;201;x;x
3826;88;68;128;x;x
3827;100;38;184;x;x
3828;45;254;13;x;x
3829;8;224;197;x;x
3830;76;153;81;x;x
3831;4;238;123;x;x
3832;38;152;217;x;x
3833;166;219;48;x;x
3834;231;56;93;x;x
3835;44;245;188;x;x
3836;86;168;49;x;x
3837;76;235;228;x;x
3838;67;40;10;x;x
3839;109;168;81;x;x
3840;197;58;210;x;x
3841;27;218;33;x;x
3842;150;17;205;x;x
3843;146;41;184;x;x
3844;239;23;120;x;x
3845;197;27;175;x;x
3846;50;233;47;x;x
3847;18;156;63;x;x
3848;201;175;17;x;x
3849;96;183;88;x;x
3850;20;36;95;x;x
3851;213;127;148;x;x
3852;16;191;214;x;x
3853;52;204;95;x;x
3854;77;23;79;x;x
3855;50;181;178;x;x
3856;239;14;7;x;x
3857;211;33;60;x;x
3858;135;177;183;x;x
3859;106;27;231;x;x
3860;96;187;156;x;x
3861;82;184;118;x;x
3862;90;203;223;x;x
3863;113;84;105;x;x
3864;219;123;88;x;x
3865;79;126;12;x;x
3866;211;182;38;x;x
3867;35;195;240;x;x
3868;125;101;18;x;x
3869;227;103;3;x;x
3870;142;117;221;x;x
3871;212;195;2;x;x
3872;229;179;191;x;x
3873;156;165;167;x;x
3874;245;223;148;x;x
3875;233;3;26;x;x
3876;110;189;139;x;x
3877;11;225;56;x;x
3878;254;40;97;x;x
3879;246;86;240;x;x
3880;185;81;241;x;x
3881;93;172;189;x;x
3882;204;90;219;x;x
3883;24;141;194;x;x
3884;134;45;230;x;x
3885;179;29;45;x;x
3886;136;41;80;x;x
3887;251;91;184;x;x
3888;240;79;98;x;x
3889;90;228;133;x;x
3890;185;217;142;x;x
3891;148;12;153;x;x
3892;186;129;176;x;x
3893;235;148;213;x;x
3894;103;182;240;x;x
3895;146;239;99;x;x
3896;60;168;79;x;x
3897;143;169;232;x;x
3898;28;42;19;x;x
3899;95;121;246;x;x
3900;2;15;71;x;x
3901;101;62;127;x;x
3902;56;21;139;x;x
3903;199;187;171;x;x
3904;123;52;157;x;x
3905;104;76;68;x;x
3906;159;57;135;x;x
3907;159;252;7;x;x
3908;105;40;44;x;x
3909;43;62;137;x;x
3910;178;3;219;x;x
3911;211;202;52;x;x
3912;101;65;149;x;x
3913;111;250;165;x;x
3914;164;237;208;x;x
3915;231;214;70;x;x
3916;49;100;177;x;x
3917;86;13;63;x;x
3918;219;111;80;x;x
3919;152;189;187;x;x
3920;250;248;253;x;x
3921;49;243;156;x;x
3922;252;224;23;x;x
3923;23;51;196;x;x
3924;166;28;90;x;x
3925;36;223;136;x;x
3926;212;242;63;x;x
3927;221;181;44;x;x
3928;29;147;142;x;x
3929;199;11;160;x;x
3930;158;211;141;x;x
3931;4;222;255;x;x
3932;47;226;51;x;x
3933;22;182;227;x;x
3934;104;194;250;x;x
3935;251;168;163;x;x
3936;1;201;43;x;x
3937;75;18;124;x;x
3938;32;91;28;x;x
3939;99;26;41;x;x
3940;84;139;1;x;x
3941;97;186;155;x;x
3942;158;62;67;x;x
3943;97;172;250;x;x
3944;109;52;119;x;x
3945;183;78;243;x;x
3946;34;90;203;x;x
3947;149;174;199;x;x
3948;131;115;193;x;x
3949;67;217;28;x;x
3950;164;40;63;x;x
3951;76;133;108;x;x
3952;1;243;97;x;x
3953;45;217;71;x;x
3954;73;203;172;x;x
3955;65;8;41;x;x
3956;50;191;180;x;x
3957;136;228;141;x;x
3958;96;98;235;x;x
3959;164;112;154;x;x
3960;228;8;123;x;x
3961;217;141;207;x;x
3962;211;46;141;x;x
3963;37;253;204;x;x
3964;242;223;33;x;x
3965;107;181;232;x;x
3966;122;227;139;x;x
3967;22;218;58;x;x
3968;120;86;41;x;x
3969;56;248;205;x;x
3970;44;132;99;x;x
3971;85;132;104;x;x
3972;103;10;160;x;x
3973;161;248;172;x;x
3974;130;27;22;x;x
3975;178;76;0;x;x
3976;11;184;3;x;x
3977;51;235;35;x;x
3978;102;141;56;x;x
3979;163;200;5;x;x
3980;248;221;95;x;x
3981;222;70;100;x;x
3982;186;100;246;x;x
3983;37;2;79;x;x
3984;48;216;49;x;x
3985;85;83;172;x;x
3986;176;202;178;x;x
3987;71;203;203;x;x
3988;1;85;163;x;x
3989;158;150;248;x;x
3990;223;171;148;x;x
3991;13;226;57;x;x
3992;169;50;255;x;x
3993;94;149;21;x;x
3994;40;0;49;x;x
3995;59;13;254;x;x
3996;125;210;185;x;x
3997;156;83;47;x;x
3998;243;75;160;x;x
3999;92;53;119;x;x
4000;225;158;60;x;x
4001;252;147;247;x;x
4002;166;3;122;x;x
4003;65;187;170;x;x
4004;160;140;100;x;x
4005;47;31;168;x;x
4006;150;158;239;x;x
4007;219;246;190;x;x
4008;121;54;92;x;x
4009;87;171;210;x;x
4010;188;73;83;x;x
4011;139;174;238;x;x
4012;233;207;116;x;x
4013;45;137;75;x;x
4014;112;147;23;x;x
4015;119;238;145;x;x
4016;79;32;52;x;x
4017;129;117;39;x;x
4018;62;139;118;x;x
4019;133;222;183;x;x
4020;162;105;200;x;x
4021;23;98;102;x;x
4022;5;31;121;x;x
4023;87;147;24;x;x
4024;224;121;98;x;x
4025;196;152;153;x;x
4026;45;250;218;x;x
4027;69;233;129;x;x
4028;88;40;126;x;x
4029;171;83;207;x;x
4030;113;199;167;x;x
4031;145;233;203;x;x
4032;50;11;11;x;x
4033;38;157;39;x;x
4034;53;52;235;x;x
4035;10;171;246;x;x
4036;212;209;177;x;x
4037;224;69;27;x;x
4038;89;147;20;x;x
4039;211;153;62;x;x
4040;77;77;28;x;x
4041;58;54;255;x;x
4042;22;112;207;x;x
4043;188;31;227;x;x
4044;198;103;176;x;x
4045;60;183;220;x;x
4046;72;161;194;x;x
4047;103;96;8;x;x
4048;116;165;9;x;x
4049;31;56;156;x;x
4050;197;42;96;x;x
4051;142;179;31;x;x
4052;170;7;74;x;x
4053;101;119;222;x;x
4054;102;43;204;x;x
4055;99;96;69;x;x
4056;37;112;180;x;x
4057;222;101;225;x;x
4058;4;201;104;x;x
4059;237;90;16;x;x
4060;173;193;119;x;x
4061;201;125;187;x;x
4062;107;169;135;x;x
4063;101;240;217;x;x
4064;63;99;141;x;x
4065;237;115;215;x;x
4066;42;102;153;x;x
4067;19;111;192;x;x
4068;98;48;242;x;x
4069;249;85;156;x;x
4070;223;96;84;x;x
4071;228;5;137;x;x
4072;159;98;22;x;x
4073;131;194;116;x;x
4074;239;90;180;x;x
4075;153;72;100;x;x
4076;19;119;133;x;x
4077;133;149;32;x;x
4078;252;219;1;x;x
4079;81;50;110;x;x
4080;92;130;29;x;x
4081;110;191;149;x;x
4082;39;32;122;x;x
4083;160;172;196;x;x
4084;194;114;255;x;x
4085;230;165;213;x;x
4086;2;190;64;x;x
4087;31;144;123;x;x
4088;252;113;79;x;x
4089;88;127;44;x;x
4090;158;249;196;x;x
4091;66;134;52;x;x
4092;133;10;60;x;x
4093;50;157;157;x;x
4094;154;121;42;x;x
4095;19;121;30;x;x
4096;203;125;187;x;x
